source_crisp_url,target_path,page_target_slug
https://storage.crisp.chat/users/helpdesk/website/-/6/f/1/c/6f1c2c7b8034d000/image_844k4z.png,images/getting-started/share-your-url-1.png,share-your-url
https://storage.crisp.chat/users/helpdesk/website/-/6/f/1/c/6f1c2c7b8034d000/image_amiql5.png,images/getting-started/share-your-url-2.png,share-your-url
https://storage.crisp.chat/users/helpdesk/website/-/6/f/1/c/6f1c2c7b8034d000/image_1b3d6za.png,images/getting-started/share-your-url-3.png,share-your-url
https://storage.crisp.chat/users/helpdesk/website/-/6/f/1/c/6f1c2c7b8034d000/image_1jk8pk8.png,images/getting-started/share-your-url-4.png,share-your-url
https://storage.crisp.chat/users/helpdesk/website/-/6/f/1/c/6f1c2c7b8034d000/image_1apvby.png,images/getting-started/share-your-url-5.png,share-your-url
https://storage.crisp.chat/users/helpdesk/website/-/6/f/1/c/6f1c2c7b8034d000/image_1i0zvdc.png,images/getting-started/share-your-url-6.png,share-your-url
https://storage.crisp.chat/users/helpdesk/website/-/6/f/1/c/6f1c2c7b8034d000/image_1xqarcv.png,images/getting-started/share-your-url-7.png,share-your-url
https://storage.crisp.chat/users/helpdesk/website/-/6/f/1/c/6f1c2c7b8034d000/image_18i7yyo.png,images/getting-started/schedule-a-meeting-1.png,schedule-a-meeting
https://storage.crisp.chat/users/helpdesk/website/-/6/f/1/c/6f1c2c7b8034d000/image_yr5aie.png,images/getting-started/schedule-a-meeting-2.png,schedule-a-meeting
https://storage.crisp.chat/users/helpdesk/website/-/6/f/1/c/6f1c2c7b8034d000/image_l7w8cp.png,images/getting-started/schedule-a-meeting-3.png,schedule-a-meeting
https://storage.crisp.chat/users/helpdesk/website/-/6/f/1/c/6f1c2c7b8034d000/image_ycbk7o.png,images/getting-started/schedule-a-meeting-4.png,schedule-a-meeting
https://storage.crisp.chat/users/helpdesk/website/-/6/f/1/c/6f1c2c7b8034d000/image_12pu95.png,images/getting-started/schedule-a-meeting-5.png,schedule-a-meeting
https://storage.crisp.chat/users/helpdesk/website/-/6/f/1/c/6f1c2c7b8034d000/image_15vpwug.png,images/getting-started/schedule-a-meeting-6.png,schedule-a-meeting
https://storage.crisp.chat/users/helpdesk/website/-/6/f/1/c/6f1c2c7b8034d000/image_1mhpw4s.png,images/getting-started/schedule-a-meeting-7.png,schedule-a-meeting
https://storage.crisp.chat/users/helpdesk/website/-/6/f/1/c/6f1c2c7b8034d000/image_c5z0yg.png,images/getting-started/unified-calendar-1.png,unified-calendar
https://storage.crisp.chat/users/helpdesk/website/-/6/f/1/c/6f1c2c7b8034d000/image_4nt4vx.png,images/getting-started/unified-calendar-2.png,unified-calendar
https://storage.crisp.chat/users/helpdesk/website/-/6/f/1/c/6f1c2c7b8034d000/image_1s2kp21.png,images/getting-started/unified-calendar-3.png,unified-calendar
https://storage.crisp.chat/users/helpdesk/website/-/6/f/1/c/6f1c2c7b8034d000/image_szpdbs.png,images/getting-started/unified-calendar-4.png,unified-calendar
https://storage.crisp.chat/users/helpdesk/website/-/6/f/1/c/6f1c2c7b8034d000/image_1voiwp0.png,images/getting-started/unified-calendar-5.png,unified-calendar
https://storage.crisp.chat/users/helpdesk/website/-/6/f/1/c/6f1c2c7b8034d000/image_18ntajy.png,images/getting-started/unified-calendar-6.png,unified-calendar
https://storage.crisp.chat/users/helpdesk/website/-/6/f/1/c/6f1c2c7b8034d000/image_8fkn9w.png,images/getting-started/unified-calendar-7.png,unified-calendar
https://storage.crisp.chat/users/helpdesk/website/-/6/f/1/c/6f1c2c7b8034d000/image_1bbzj29.png,images/getting-started/contacts-1.png,contacts
https://storage.crisp.chat/users/helpdesk/website/-/6/f/1/c/6f1c2c7b8034d000/image_1ewy71d.png,images/getting-started/contacts-2.png,contacts
https://storage.crisp.chat/users/helpdesk/website/-/6/f/1/c/6f1c2c7b8034d000/image_liwn08.png,images/getting-started/contacts-3.png,contacts
https://storage.crisp.chat/users/helpdesk/website/-/6/f/1/c/6f1c2c7b8034d000/image_12wggiw.png,images/getting-started/contacts-4.png,contacts
https://storage.crisp.chat/users/helpdesk/website/-/6/f/1/c/6f1c2c7b8034d000/image_dw34zx.png,images/getting-started/contacts-5.png,contacts
https://storage.crisp.chat/users/helpdesk/website/-/6/f/1/c/6f1c2c7b8034d000/image_yxhgh0.png,images/getting-started/contacts-6.png,contacts
https://storage.crisp.chat/users/helpdesk/website/-/6/f/1/c/6f1c2c7b8034d000/image_1064gr9.png,images/getting-started/contacts-7.png,contacts
https://storage.crisp.chat/users/helpdesk/website/-/6/f/1/c/6f1c2c7b8034d000/image_1tsd89y.png,images/getting-started/contacts-8.png,contacts
https://storage.crisp.chat/users/helpdesk/website/-/6/f/1/c/6f1c2c7b8034d000/image_14m7ang.png,images/getting-started/contacts-9.png,contacts
https://storage.crisp.chat/users/helpdesk/website/-/6/f/1/c/6f1c2c7b8034d000/image_w83fqq.png,images/getting-started/contacts-10.png,contacts
https://storage.crisp.chat/users/helpdesk/website/-/6/f/1/c/6f1c2c7b8034d000/image_d02okh.png,images/getting-started/contacts-11.png,contacts
https://storage.crisp.chat/users/helpdesk/website/-/6/f/1/c/6f1c2c7b8034d000/image_10vjgm1.png,images/getting-started/contacts-12.png,contacts
https://storage.crisp.chat/users/helpdesk/website/-/6/f/1/c/6f1c2c7b8034d000/image_12m5y86.png,images/getting-started/contacts-13.png,contacts
https://storage.crisp.chat/users/helpdesk/website/-/6/f/1/c/6f1c2c7b8034d000/image_117jlbo.png,images/getting-started/contacts-14.png,contacts
https://storage.crisp.chat/users/helpdesk/website/-/6/f/1/c/6f1c2c7b8034d000/image_1baygm4.png,images/getting-started/contacts-15.png,contacts
https://storage.crisp.chat/users/helpdesk/website/-/6/f/1/c/6f1c2c7b8034d000/image_z49fby.png,images/getting-started/import-from-calendly-1.png,import-from-calendly
https://storage.crisp.chat/users/helpdesk/website/-/6/f/1/c/6f1c2c7b8034d000/image_5eqmbm.png,images/getting-started/import-from-calendly-2.png,import-from-calendly
https://storage.crisp.chat/users/helpdesk/website/-/6/f/1/c/6f1c2c7b8034d000/image_1vu1b93.png,images/getting-started/command-bar-1.png,command-bar
https://storage.crisp.chat/users/helpdesk/website/-/6/f/1/c/6f1c2c7b8034d000/image_1f6ecnk.png,images/getting-started/onboarding-1.png,onboarding
https://storage.crisp.chat/users/helpdesk/website/-/6/f/1/c/6f1c2c7b8034d000/image_1cy7wp3.png,images/getting-started/onboarding-2.png,onboarding
https://storage.crisp.chat/users/helpdesk/website/-/6/f/1/c/6f1c2c7b8034d000/screenshot-from-2025-12-10-16-_1lcgjea.png,images/getting-started/onboarding-3.png,onboarding
https://storage.crisp.chat/users/helpdesk/website/-/6/f/1/c/6f1c2c7b8034d000/image_1oue8sm.png,images/getting-started/onboarding-4.png,onboarding
https://storage.crisp.chat/users/helpdesk/website/-/6/f/1/c/6f1c2c7b8034d000/image_1bnxxrm.png,images/getting-started/onboarding-5.png,onboarding
https://storage.crisp.chat/users/helpdesk/website/-/6/f/1/c/6f1c2c7b8034d000/image_ufokev.png,images/getting-started/onboarding-6.png,onboarding
https://storage.crisp.chat/users/helpdesk/website/-/6/f/1/c/6f1c2c7b8034d000/image_1rk6u3y.png,images/getting-started/onboarding-7.png,onboarding
https://storage.crisp.chat/users/helpdesk/website/-/6/f/1/c/6f1c2c7b8034d000/image_13no5hl.png,images/event-types/overview-2.png,overview
https://storage.crisp.chat/users/helpdesk/website/-/6/f/1/c/6f1c2c7b8034d000/image_1jcxpjh.png,images/event-types/overview-3.png,overview
https://storage.crisp.chat/users/helpdesk/website/-/6/f/1/c/6f1c2c7b8034d000/image_1dw2cxi.png,images/event-types/overview-4.png,overview
https://storage.crisp.chat/users/helpdesk/website/-/6/f/1/c/6f1c2c7b8034d000/image_vviudz.png,images/event-types/overview-5.png,overview
https://storage.crisp.chat/users/helpdesk/website/-/6/f/1/c/6f1c2c7b8034d000/image_1vbv9s2.png,images/event-types/overview-6.png,overview
https://storage.crisp.chat/users/helpdesk/website/-/6/f/1/c/6f1c2c7b8034d000/image_1bv3gm8.png,images/event-types/edit-details-1.png,edit-details
https://storage.crisp.chat/users/helpdesk/website/-/6/f/1/c/6f1c2c7b8034d000/image_cawq8l.png,images/event-types/edit-details-2.png,edit-details
https://storage.crisp.chat/users/helpdesk/website/-/6/f/1/c/6f1c2c7b8034d000/image_13xfpzr.png,images/event-types/edit-details-3.png,edit-details
https://storage.crisp.chat/users/helpdesk/website/-/6/f/1/c/6f1c2c7b8034d000/image_1lpnn4o.png,images/event-types/edit-details-4.png,edit-details
https://storage.crisp.chat/users/helpdesk/website/-/6/f/1/c/6f1c2c7b8034d000/image_mj3idt.png,images/event-types/reorder-1.png,reorder
https://storage.crisp.chat/users/helpdesk/website/-/6/f/1/c/6f1c2c7b8034d000/image_173wxmq.png,images/event-types/reorder-2.png,reorder
https://storage.crisp.chat/users/helpdesk/website/-/6/f/1/c/6f1c2c7b8034d000/image_16drw7o.png,images/event-types/reorder-3.png,reorder
https://storage.crisp.chat/users/helpdesk/website/-/6/f/1/c/6f1c2c7b8034d000/image_1atdzxk.png,images/event-types/reorder-4.png,reorder
https://storage.crisp.chat/users/helpdesk/website/-/6/f/1/c/6f1c2c7b8034d000/image_9d9yn7.png,images/event-types/duplicate-1.png,duplicate
https://storage.crisp.chat/users/helpdesk/website/-/6/f/1/c/6f1c2c7b8034d000/image_1rigya9.png,images/event-types/duplicate-2.png,duplicate
https://storage.crisp.chat/users/helpdesk/website/-/6/f/1/c/6f1c2c7b8034d000/image_1udp6u5.png,images/event-types/duplicate-3.png,duplicate
https://storage.crisp.chat/users/helpdesk/website/-/6/f/1/c/6f1c2c7b8034d000/image_t6y3ik.png,images/event-types/custom-icons-1.png,custom-icons
https://storage.crisp.chat/users/helpdesk/website/-/6/f/1/c/6f1c2c7b8034d000/image_q7vlvm.png,images/event-types/custom-icons-2.png,custom-icons
https://storage.crisp.chat/users/helpdesk/website/-/6/f/1/c/6f1c2c7b8034d000/image_54xv8v.png,images/event-types/custom-icons-3.png,custom-icons
https://storage.crisp.chat/users/helpdesk/website/-/6/f/1/c/6f1c2c7b8034d000/image_1nnq0.png,images/event-types/custom-icons-4.png,custom-icons
https://storage.crisp.chat/users/helpdesk/website/-/6/f/1/c/6f1c2c7b8034d000/image_111amlb.png,images/event-types/secret-events-1.png,secret-events
https://storage.crisp.chat/users/helpdesk/website/-/6/f/1/c/6f1c2c7b8034d000/image_1381r32.png,images/event-types/secret-events-2.png,secret-events
https://storage.crisp.chat/users/helpdesk/website/-/6/f/1/c/6f1c2c7b8034d000/image_1j30eki.png,images/event-types/secret-events-3.png,secret-events
https://storage.crisp.chat/users/helpdesk/website/-/6/f/1/c/6f1c2c7b8034d000/image_1n8meg5.png,images/event-types/secret-events-4.png,secret-events
https://storage.crisp.chat/users/helpdesk/website/-/6/f/1/c/6f1c2c7b8034d000/image_ow2zvc.png,images/event-types/delete-1.png,delete
https://storage.crisp.chat/users/helpdesk/website/-/6/f/1/c/6f1c2c7b8034d000/image_kzh5zv.png,images/event-types/delete-2.png,delete
https://storage.crisp.chat/users/helpdesk/website/-/6/f/1/c/6f1c2c7b8034d000/image_1quo1i0.png,images/event-types/location-1.png,location
https://storage.crisp.chat/users/helpdesk/website/-/6/f/1/c/6f1c2c7b8034d000/image_1mbl4gc.png,images/event-types/location-2.png,location
https://storage.crisp.chat/users/helpdesk/website/-/6/f/1/c/6f1c2c7b8034d000/image_5x3qk1.png,images/event-types/location-3.png,location
https://storage.crisp.chat/users/helpdesk/website/-/6/f/1/c/6f1c2c7b8034d000/image_1p1dyib.png,images/event-types/location-4.png,location
https://storage.crisp.chat/users/helpdesk/website/-/6/f/1/c/6f1c2c7b8034d000/image_12kd2lt.png,images/event-types/location-5.png,location
https://storage.crisp.chat/users/helpdesk/website/-/6/f/1/c/6f1c2c7b8034d000/image_9oq7p8.png,images/event-types/multiple-durations-1.png,multiple-durations
https://storage.crisp.chat/users/helpdesk/website/-/6/f/1/c/6f1c2c7b8034d000/image_15zkk1t.png,images/event-types/multiple-durations-2.png,multiple-durations
https://storage.crisp.chat/users/helpdesk/website/-/6/f/1/c/6f1c2c7b8034d000/image_gkod3c.png,images/event-types/multiple-durations-3.png,multiple-durations
https://storage.crisp.chat/users/helpdesk/website/-/6/f/1/c/6f1c2c7b8034d000/image_1228jr5.png,images/event-types/event-availability-1.png,event-availability
https://storage.crisp.chat/users/helpdesk/website/-/6/f/1/c/6f1c2c7b8034d000/image_axjg8y.png,images/event-types/minimum-notice-1.png,minimum-notice
https://storage.crisp.chat/users/helpdesk/website/-/6/f/1/c/6f1c2c7b8034d000/image_90i6w8.png,images/event-types/time-slot-intervals-1.png,time-slot-intervals
https://storage.crisp.chat/users/helpdesk/website/-/6/f/1/c/6f1c2c7b8034d000/image_nwf4g9.png,images/event-types/booking-frequency-1.png,booking-frequency
https://storage.crisp.chat/users/helpdesk/website/-/6/f/1/c/6f1c2c7b8034d000/image_13rt5i3.png,images/event-types/first-slot-only-1.png,first-slot-only
https://storage.crisp.chat/users/helpdesk/website/-/6/f/1/c/6f1c2c7b8034d000/image_1qb8ipl.png,images/event-types/total-duration-1.png,total-duration
https://storage.crisp.chat/users/helpdesk/website/-/6/f/1/c/6f1c2c7b8034d000/image_v89c46.png,images/event-types/booker-limit-1.png,booker-limit
https://storage.crisp.chat/users/helpdesk/website/-/6/f/1/c/6f1c2c7b8034d000/image_t01la2.png,images/event-types/booker-limit-2.png,booker-limit
https://storage.crisp.chat/users/helpdesk/website/-/6/f/1/c/6f1c2c7b8034d000/image_1e9g84x.png,images/event-types/future-booking-1.png,future-booking
https://storage.crisp.chat/users/helpdesk/website/-/6/f/1/c/6f1c2c7b8034d000/image_1332nj6.png,images/event-types/future-booking-2.png,future-booking
https://storage.crisp.chat/users/helpdesk/website/-/6/f/1/c/6f1c2c7b8034d000/image_agrki5.png,images/event-types/pre-booking-questions-1.png,pre-booking-questions
https://storage.crisp.chat/users/helpdesk/website/-/6/f/1/c/6f1c2c7b8034d000/image_1mwovqu.png,images/event-types/pre-booking-questions-2.png,pre-booking-questions
https://storage.crisp.chat/users/helpdesk/website/-/6/f/1/c/6f1c2c7b8034d000/image_1dkkszo.png,images/event-types/pre-booking-questions-3.png,pre-booking-questions
https://storage.crisp.chat/users/helpdesk/website/-/6/f/1/c/6f1c2c7b8034d000/image_1cx6sb2.png,images/event-types/pre-booking-questions-4.png,pre-booking-questions
https://storage.crisp.chat/users/helpdesk/website/-/6/f/1/c/6f1c2c7b8034d000/image_supeib.png,images/event-types/pre-booking-questions-5.png,pre-booking-questions
https://storage.crisp.chat/users/helpdesk/website/-/6/f/1/c/6f1c2c7b8034d000/image_un752h.png,images/event-types/pre-booking-questions-6.png,pre-booking-questions
https://storage.crisp.chat/users/helpdesk/website/-/6/f/1/c/6f1c2c7b8034d000/image_1qeob0b.png,images/event-types/hide-prefill-1.png,hide-prefill
https://storage.crisp.chat/users/helpdesk/website/-/6/f/1/c/6f1c2c7b8034d000/image_op2hlp.png,images/event-types/hide-prefill-2.png,hide-prefill
https://storage.crisp.chat/users/helpdesk/website/-/6/f/1/c/6f1c2c7b8034d000/image_1yjsf11.png,images/event-types/hide-prefill-3.png,hide-prefill
https://storage.crisp.chat/users/helpdesk/website/-/6/f/1/c/6f1c2c7b8034d000/image_udqk0z.png,images/event-types/hide-prefill-4.png,hide-prefill
https://storage.crisp.chat/users/helpdesk/website/-/6/f/1/c/6f1c2c7b8034d000/image_dzd7ql.png,images/event-types/hide-prefill-5.png,hide-prefill
https://storage.crisp.chat/users/helpdesk/website/-/6/f/1/c/6f1c2c7b8034d000/image_1ifit3j.png,images/event-types/email-domains-1.png,email-domains
https://storage.crisp.chat/users/helpdesk/website/-/6/f/1/c/6f1c2c7b8034d000/image_5rn65c.png,images/event-types/email-domains-2.png,email-domains
https://storage.crisp.chat/users/helpdesk/website/-/6/f/1/c/6f1c2c7b8034d000/image_uquf2g.png,images/event-types/email-domains-3.png,email-domains
https://storage.crisp.chat/users/helpdesk/website/-/6/f/1/c/6f1c2c7b8034d000/image_wxujgj.png,images/event-types/email-domains-4.png,email-domains
https://storage.crisp.chat/users/helpdesk/website/-/6/f/1/c/6f1c2c7b8034d000/image_qqpt5b.png,images/event-types/attachments-1.png,attachments
https://storage.crisp.chat/users/helpdesk/website/-/6/f/1/c/6f1c2c7b8034d000/image_12hlf6d.png,images/event-types/attachments-2.png,attachments
https://storage.crisp.chat/users/helpdesk/website/-/6/f/1/c/6f1c2c7b8034d000/image_1f6rcwu.png,images/event-types/attachments-3.png,attachments
https://storage.crisp.chat/users/helpdesk/website/-/6/f/1/c/6f1c2c7b8034d000/image_1vhoffh.png,images/event-types/attachments-4.png,attachments
https://storage.crisp.chat/users/helpdesk/website/-/6/f/1/c/6f1c2c7b8034d000/image_1getml7.png,images/event-types/attachments-5.png,attachments
https://storage.crisp.chat/users/helpdesk/website/-/6/f/1/c/6f1c2c7b8034d000/image_pgiqwe.png,images/event-types/attachments-6.png,attachments
https://storage.crisp.chat/users/helpdesk/website/-/6/f/1/c/6f1c2c7b8034d000/image_e3s9lt.png,images/event-types/phone-only-1.png,phone-only
https://storage.crisp.chat/users/helpdesk/website/-/6/f/1/c/6f1c2c7b8034d000/image_7kc8y5.png,images/event-types/phone-only-2.png,phone-only
https://storage.crisp.chat/users/helpdesk/website/-/6/f/1/c/6f1c2c7b8034d000/image_nwcqtq.png,images/event-types/split-name-1.png,split-name
https://storage.crisp.chat/users/helpdesk/website/-/6/f/1/c/6f1c2c7b8034d000/image_1wosle8.png,images/event-types/split-name-2.png,split-name
https://storage.crisp.chat/users/helpdesk/website/-/6/f/1/c/6f1c2c7b8034d000/image_t8g5xi.png,images/event-types/split-name-3.png,split-name
https://storage.crisp.chat/users/helpdesk/website/-/6/f/1/c/6f1c2c7b8034d000/image_ea0oyo.png,images/event-types/split-name-4.png,split-name
https://storage.crisp.chat/users/helpdesk/website/-/6/f/1/c/6f1c2c7b8034d000/image_484bd.png,images/event-types/verify-email-1.png,verify-email
https://storage.crisp.chat/users/helpdesk/website/-/6/f/1/c/6f1c2c7b8034d000/image_i27tbi.png,images/event-types/captcha-1.png,captcha
https://storage.crisp.chat/users/helpdesk/website/-/6/f/1/c/6f1c2c7b8034d000/image_8o7bhb.png,images/event-types/captcha-2.png,captcha
https://storage.crisp.chat/users/helpdesk/website/-/6/f/1/c/6f1c2c7b8034d000/image_73jbgg.png,images/event-types/disable-guests-1.png,disable-guests
https://storage.crisp.chat/users/helpdesk/website/-/6/f/1/c/6f1c2c7b8034d000/image_nh72p6.png,images/event-types/add-to-calendar-2.png,add-to-calendar
https://storage.crisp.chat/users/helpdesk/website/-/6/f/1/c/6f1c2c7b8034d000/image_yfst1f.png,images/event-types/disable-confirmation-emails-1.png,disable-confirmation-emails
https://storage.crisp.chat/users/helpdesk/website/-/6/f/1/c/6f1c2c7b8034d000/image_1jnq7qf.png,images/event-types/look-busy-1.png,look-busy
https://storage.crisp.chat/users/helpdesk/website/-/6/f/1/c/6f1c2c7b8034d000/image_ao4hw9.png,images/event-types/look-busy-2.png,look-busy
https://storage.crisp.chat/users/helpdesk/website/-/6/f/1/c/6f1c2c7b8034d000/image_9gfn60.png,images/event-types/look-busy-3.png,look-busy
https://storage.crisp.chat/users/helpdesk/website/-/6/f/1/c/6f1c2c7b8034d000/image_y81iwk.png,images/event-types/custom-event-name-1.png,custom-event-name
https://storage.crisp.chat/users/helpdesk/website/-/6/f/1/c/6f1c2c7b8034d000/image_1gl66te.png,images/event-types/custom-event-name-2.png,custom-event-name
https://storage.crisp.chat/users/helpdesk/website/-/6/f/1/c/6f1c2c7b8034d000/image_1onrwke.png,images/event-types/requires-confirmation-1.png,requires-confirmation
https://storage.crisp.chat/users/helpdesk/website/-/6/f/1/c/6f1c2c7b8034d000/image_qmpncb.png,images/event-types/requires-confirmation-2.png,requires-confirmation
https://storage.crisp.chat/users/helpdesk/website/-/6/f/1/c/6f1c2c7b8034d000/image_1twhdyj.png,images/event-types/requires-confirmation-3.png,requires-confirmation
https://storage.crisp.chat/users/helpdesk/website/-/6/f/1/c/6f1c2c7b8034d000/image_gz8eo1.png,images/event-types/requires-confirmation-4.png,requires-confirmation
https://storage.crisp.chat/users/helpdesk/website/-/6/f/1/c/6f1c2c7b8034d000/image_17i6k4f.png,images/event-types/disable-reschedule-cancel-1.png,disable-reschedule-cancel
https://storage.crisp.chat/users/helpdesk/website/-/6/f/1/c/6f1c2c7b8034d000/image_1yk8l7t.png,images/event-types/hide-notes-1.png,hide-notes
https://storage.crisp.chat/users/helpdesk/website/-/6/f/1/c/6f1c2c7b8034d000/image_t4jzyh.png,images/event-types/hide-calendar-details-1.png,hide-calendar-details
https://storage.crisp.chat/users/helpdesk/website/-/6/f/1/c/6f1c2c7b8034d000/image_dxti8z.png,images/event-types/success-redirect-params-1.png,success-redirect-params
https://storage.crisp.chat/users/helpdesk/website/-/6/f/1/c/6f1c2c7b8034d000/image_1pl1as7.png,images/event-types/private-links-1.png,private-links
https://storage.crisp.chat/users/helpdesk/website/-/6/f/1/c/6f1c2c7b8034d000/image_pbz1qd.png,images/event-types/private-links-2.png,private-links
https://storage.crisp.chat/users/helpdesk/website/-/6/f/1/c/6f1c2c7b8034d000/image_5nf3kg.png,images/event-types/private-links-3.png,private-links
https://storage.crisp.chat/users/helpdesk/website/-/6/f/1/c/6f1c2c7b8034d000/image_181lgk9.png,images/event-types/offer-seats-1.png,offer-seats
https://storage.crisp.chat/users/helpdesk/website/-/6/f/1/c/6f1c2c7b8034d000/image_5obi7z.png,images/event-types/offer-seats-2.png,offer-seats
https://storage.crisp.chat/users/helpdesk/website/-/6/f/1/c/6f1c2c7b8034d000/image_zc0mkn.png,images/event-types/success-url-1.png,success-url
https://storage.crisp.chat/users/helpdesk/website/-/6/f/1/c/6f1c2c7b8034d000/image_3yr8lj.png,images/event-types/hide-organizer-email-1.png,hide-organizer-email
https://storage.crisp.chat/users/helpdesk/website/-/6/f/1/c/6f1c2c7b8034d000/image_19wfbom.png,images/event-types/lock-timezone-1.png,lock-timezone
https://storage.crisp.chat/users/helpdesk/website/-/6/f/1/c/6f1c2c7b8034d000/image_1pir7sr.png,images/event-types/lock-timezone-2.png,lock-timezone
https://storage.crisp.chat/users/helpdesk/website/-/6/f/1/c/6f1c2c7b8034d000/image_1rg4qr4.png,images/event-types/reschedule-past-1.png,reschedule-past
https://storage.crisp.chat/users/helpdesk/website/-/6/f/1/c/6f1c2c7b8034d000/image_4v6c6h.png,images/event-types/book-via-reschedule-link-1.png,book-via-reschedule-link
https://storage.crisp.chat/users/helpdesk/website/-/6/f/1/c/6f1c2c7b8034d000/image_14d4zjz.png,images/event-types/custom-reply-to-1.png,custom-reply-to
https://storage.crisp.chat/users/helpdesk/website/-/6/f/1/c/6f1c2c7b8034d000/image_x6ub97.png,images/event-types/group-events-2.png,group-events
https://storage.crisp.chat/users/helpdesk/website/-/6/f/1/c/6f1c2c7b8034d000/image_tc1c1p.png,images/event-types/group-events-3.png,group-events
https://storage.crisp.chat/users/helpdesk/website/-/6/f/1/c/6f1c2c7b8034d000/image_13yno8t.png,images/event-types/group-events-4.png,group-events
https://storage.crisp.chat/users/helpdesk/website/-/6/f/1/c/6f1c2c7b8034d000/image_l35gg1.png,images/event-types/recurring-1.png,recurring
https://storage.crisp.chat/users/helpdesk/website/-/6/f/1/c/6f1c2c7b8034d000/image_1nmrfjk.png,images/event-types/recurring-2.png,recurring
https://storage.crisp.chat/users/helpdesk/website/-/6/f/1/c/6f1c2c7b8034d000/image_iwm4m5.png,images/event-types/recurring-3.png,recurring
https://storage.crisp.chat/users/helpdesk/website/-/6/f/1/c/6f1c2c7b8034d000/image_z9sh4b.png,images/event-types/recurring-4.png,recurring
https://storage.crisp.chat/users/helpdesk/website/-/6/f/1/c/6f1c2c7b8034d000/image_14qqfiw.png,images/event-types/recurring-5.png,recurring
https://storage.crisp.chat/users/helpdesk/website/-/6/f/1/c/6f1c2c7b8034d000/image_hboy6g.png,images/event-types/recurring-6.png,recurring
https://storage.crisp.chat/users/helpdesk/website/-/6/f/1/c/6f1c2c7b8034d000/image_1trtb01.png,images/event-types/recurring-7.png,recurring
https://storage.crisp.chat/users/helpdesk/website/-/6/f/1/c/6f1c2c7b8034d000/image_1oxfetj.png,images/event-types/recurring-8.png,recurring
https://storage.crisp.chat/users/helpdesk/website/-/6/f/1/c/6f1c2c7b8034d000/image_icfpia.png,images/event-types/recurring-9.png,recurring
https://storage.crisp.chat/users/helpdesk/website/-/6/f/1/c/6f1c2c7b8034d000/image_y5ooh.png,images/event-types/recurring-10.png,recurring
https://storage.crisp.chat/users/helpdesk/website/-/6/f/1/c/6f1c2c7b8034d000/image_y1dgtm.png,images/event-types/recurring-11.png,recurring
https://storage.crisp.chat/users/helpdesk/website/-/6/f/1/c/6f1c2c7b8034d000/image_1vfihjg.png,images/event-types/recurring-12.png,recurring
https://storage.crisp.chat/users/helpdesk/website/-/6/f/1/c/6f1c2c7b8034d000/image_perjy0.png,images/event-types/recurring-13.png,recurring
https://storage.crisp.chat/users/helpdesk/website/-/6/f/1/c/6f1c2c7b8034d000/image_t1mgqk.png,images/event-types/embed-1.png,embed
https://storage.crisp.chat/users/helpdesk/website/-/6/f/1/c/6f1c2c7b8034d000/image_emb9zr.png,images/event-types/embed-2.png,embed
https://storage.crisp.chat/users/helpdesk/website/-/6/f/1/c/6f1c2c7b8034d000/image_9a8n16.png,images/event-types/embed-3.png,embed
https://storage.crisp.chat/users/helpdesk/website/-/6/f/1/c/6f1c2c7b8034d000/image_1d7rfdf.png,images/event-types/embed-4.png,embed
https://storage.crisp.chat/users/helpdesk/website/-/6/f/1/c/6f1c2c7b8034d000/image_iu5gae.png,images/event-types/event-webhooks-1.png,event-webhooks
https://storage.crisp.chat/users/helpdesk/website/-/6/f/1/c/6f1c2c7b8034d000/image_1mg5ur.png,images/event-types/event-webhooks-2.png,event-webhooks
https://storage.crisp.chat/users/helpdesk/website/-/6/f/1/c/6f1c2c7b8034d000/image_1t3fqxb.png,images/event-types/event-webhooks-3.png,event-webhooks
https://storage.crisp.chat/users/helpdesk/website/-/6/f/1/c/6f1c2c7b8034d000/image_d7otae.png,images/event-types/event-webhooks-4.png,event-webhooks
https://storage.crisp.chat/users/helpdesk/website/-/6/f/1/c/6f1c2c7b8034d000/image_1jq1zr0.png,images/event-types/enable-apps-1.png,enable-apps
https://storage.crisp.chat/users/helpdesk/website/-/6/f/1/c/6f1c2c7b8034d000/image_1ycdgrh.png,images/availability/create-1.png,create
https://storage.crisp.chat/users/helpdesk/website/-/6/f/1/c/6f1c2c7b8034d000/image_1todnmc.png,images/availability/create-2.png,create
https://storage.crisp.chat/users/helpdesk/website/-/6/f/1/c/6f1c2c7b8034d000/image_41fom6.png,images/availability/create-3.png,create
https://storage.crisp.chat/users/helpdesk/website/-/6/f/1/c/6f1c2c7b8034d000/image_9bjxo5.png,images/availability/multiple-schedules-1.png,multiple-schedules
https://storage.crisp.chat/users/helpdesk/website/-/6/f/1/c/6f1c2c7b8034d000/image_opsxxy.png,images/availability/multiple-time-slots-1.png,multiple-time-slots
https://storage.crisp.chat/users/helpdesk/website/-/6/f/1/c/6f1c2c7b8034d000/image_17od76p.png,images/availability/date-overrides-1.png,date-overrides
https://storage.crisp.chat/users/helpdesk/website/-/6/f/1/c/6f1c2c7b8034d000/image_15myjh1.png,images/availability/date-overrides-2.png,date-overrides
https://storage.crisp.chat/users/helpdesk/website/-/6/f/1/c/6f1c2c7b8034d000/image_1cwhc8z.png,images/availability/out-of-office-1.png,out-of-office
https://storage.crisp.chat/users/helpdesk/website/-/6/f/1/c/6f1c2c7b8034d000/image_j1vgzf.png,images/availability/out-of-office-2.png,out-of-office
https://storage.crisp.chat/users/helpdesk/website/-/6/f/1/c/6f1c2c7b8034d000/image_aukti6.png,images/availability/out-of-office-3.png,out-of-office
https://storage.crisp.chat/users/helpdesk/website/-/6/f/1/c/6f1c2c7b8034d000/image_j6jzwa.png,images/availability/out-of-office-4.png,out-of-office
https://storage.crisp.chat/users/helpdesk/website/-/6/f/1/c/6f1c2c7b8034d000/image_168jak0.png,images/availability/out-of-office-5.png,out-of-office
https://storage.crisp.chat/users/helpdesk/website/-/6/f/1/c/6f1c2c7b8034d000/image_1821fjv.png,images/availability/out-of-office-6.png,out-of-office
https://storage.crisp.chat/users/helpdesk/website/-/6/f/1/c/6f1c2c7b8034d000/image_9g3sg1.png,images/availability/team-availability-1.png,team-availability
https://storage.crisp.chat/users/helpdesk/website/-/6/f/1/c/6f1c2c7b8034d000/image_4150ix.png,images/bookings/no-show-1.png,no-show
https://storage.crisp.chat/users/helpdesk/website/-/6/f/1/c/6f1c2c7b8034d000/image_1ptt8ih.png,images/bookings/no-show-2.png,no-show
https://storage.crisp.chat/users/helpdesk/website/-/6/f/1/c/6f1c2c7b8034d000/image_ihkwpf.png,images/bookings/no-show-3.png,no-show
https://storage.crisp.chat/users/helpdesk/website/-/6/f/1/c/6f1c2c7b8034d000/image_13fppk9.png,images/bookings/workflow-status-1.png,workflow-status
https://storage.crisp.chat/users/helpdesk/website/-/6/f/1/c/6f1c2c7b8034d000/image_tp5dof.png,images/bookings/workflow-status-2.png,workflow-status
https://storage.crisp.chat/users/helpdesk/website/-/6/f/1/c/6f1c2c7b8034d000/image_1049g41.png,images/bookings/workflow-status-3.png,workflow-status
https://storage.crisp.chat/users/helpdesk/website/-/6/f/1/c/6f1c2c7b8034d000/image_18xxylx.png,images/bookings/workflow-status-4.png,workflow-status
https://storage.crisp.chat/users/helpdesk/website/-/6/f/1/c/6f1c2c7b8034d000/image_umc9d5.png,images/bookings/workflow-status-5.png,workflow-status
https://storage.crisp.chat/users/helpdesk/website/-/6/f/1/c/6f1c2c7b8034d000/image_1xu2zeo.png,images/bookings/workflow-status-6.png,workflow-status
https://storage.crisp.chat/users/helpdesk/website/-/6/f/1/c/6f1c2c7b8034d000/image_15c1vga.png,images/bookings/workflow-status-7.png,workflow-status
https://storage.crisp.chat/users/helpdesk/website/-/6/f/1/c/6f1c2c7b8034d000/image_ejx69t.png,images/routing/routing-forms-1.png,routing-forms
https://storage.crisp.chat/users/helpdesk/website/-/6/f/1/c/6f1c2c7b8034d000/image_1n5l3kg.png,images/routing/routing-forms-2.png,routing-forms
https://storage.crisp.chat/users/helpdesk/website/-/6/f/1/c/6f1c2c7b8034d000/image_iey2oj.png,images/routing/routing-forms-3.png,routing-forms
https://storage.crisp.chat/users/helpdesk/website/-/6/f/1/c/6f1c2c7b8034d000/image_1xfz488.png,images/routing/routing-forms-4.png,routing-forms
https://storage.crisp.chat/users/helpdesk/website/-/6/f/1/c/6f1c2c7b8034d000/image_rpevmj.png,images/routing/routing-forms-5.png,routing-forms
https://storage.crisp.chat/users/helpdesk/website/-/6/f/1/c/6f1c2c7b8034d000/image_2uvh5w.png,images/routing/routing-forms-6.png,routing-forms
https://storage.crisp.chat/users/helpdesk/website/-/6/f/1/c/6f1c2c7b8034d000/image_x8vekq.png,images/routing/routing-forms-7.png,routing-forms
https://storage.crisp.chat/users/helpdesk/website/-/6/f/1/c/6f1c2c7b8034d000/image_5ipo5k.png,images/routing/routing-forms-8.png,routing-forms
https://storage.crisp.chat/users/helpdesk/website/-/6/f/1/c/6f1c2c7b8034d000/image_1aaeul.png,images/routing/routing-forms-9.png,routing-forms
https://storage.crisp.chat/users/helpdesk/website/-/6/f/1/c/6f1c2c7b8034d000/image_13c1a50.png,images/routing/routing-forms-10.png,routing-forms
https://storage.crisp.chat/users/helpdesk/website/-/6/f/1/c/6f1c2c7b8034d000/image_11inloy.png,images/routing/routing-forms-11.png,routing-forms
https://storage.crisp.chat/users/helpdesk/website/-/6/f/1/c/6f1c2c7b8034d000/image_6rt9cs.png,images/routing/routing-forms-12.png,routing-forms
https://storage.crisp.chat/users/helpdesk/website/-/6/f/1/c/6f1c2c7b8034d000/image_igoo8p.png,images/routing/routing-forms-13.png,routing-forms
https://storage.crisp.chat/users/helpdesk/website/-/6/f/1/c/6f1c2c7b8034d000/image_195qoa0.png,images/routing/routing-forms-14.png,routing-forms
https://storage.crisp.chat/users/helpdesk/website/-/6/f/1/c/6f1c2c7b8034d000/image_143iboj.png,images/routing/routing-forms-15.png,routing-forms
https://storage.crisp.chat/users/helpdesk/website/-/6/f/1/c/6f1c2c7b8034d000/image_oib0mw.png,images/routing/routing-forms-16.png,routing-forms
https://storage.crisp.chat/users/helpdesk/website/-/6/f/1/c/6f1c2c7b8034d000/image_11tu1z6.png,images/routing/routing-forms-17.png,routing-forms
https://storage.crisp.chat/users/helpdesk/website/-/6/f/1/c/6f1c2c7b8034d000/image_32m7g1.png,images/workflows/overview-2.png,overview
https://storage.crisp.chat/users/helpdesk/website/-/6/f/1/c/6f1c2c7b8034d000/image_14adhk4.png,images/workflows/overview-3.png,overview
https://storage.crisp.chat/users/helpdesk/website/-/6/f/1/c/6f1c2c7b8034d000/image_1ngx07s.png,images/workflows/overview-4.png,overview
https://storage.crisp.chat/users/helpdesk/website/-/6/f/1/c/6f1c2c7b8034d000/image_k4wk2k.png,images/workflows/overview-5.png,overview
https://storage.crisp.chat/users/helpdesk/website/-/6/f/1/c/6f1c2c7b8034d000/image_1l4rsa7.png,images/workflows/overview-6.png,overview
https://storage.crisp.chat/users/helpdesk/website/-/6/f/1/c/6f1c2c7b8034d000/image_1xvj7zd.png,images/workflows/custom-messages-1.png,custom-messages
https://storage.crisp.chat/users/helpdesk/website/-/6/f/1/c/6f1c2c7b8034d000/image_1hrwo2u.png,images/workflows/custom-messages-2.png,custom-messages
https://storage.crisp.chat/users/helpdesk/website/-/6/f/1/c/6f1c2c7b8034d000/image_g94mux.png,images/workflows/custom-messages-3.png,custom-messages
https://storage.crisp.chat/users/helpdesk/website/-/6/f/1/c/6f1c2c7b8034d000/image_mnhufw.png,images/workflows/whatsapp-business-1.png,whatsapp-business
https://storage.crisp.chat/users/helpdesk/website/-/6/f/1/c/6f1c2c7b8034d000/image_wmz6vy.png,images/workflows/whatsapp-business-2.png,whatsapp-business
https://storage.crisp.chat/users/helpdesk/website/-/6/f/1/c/6f1c2c7b8034d000/image_1mi7vxf.png,images/workflows/whatsapp-business-3.png,whatsapp-business
https://storage.crisp.chat/users/helpdesk/website/-/6/f/1/c/6f1c2c7b8034d000/image_1d5wdb8.png,images/workflows/whatsapp-business-4.png,whatsapp-business
https://storage.crisp.chat/users/helpdesk/website/-/6/f/1/c/6f1c2c7b8034d000/image_1dr9lry.png,images/workflows/whatsapp-business-5.png,whatsapp-business
https://storage.crisp.chat/users/helpdesk/website/-/6/f/1/c/6f1c2c7b8034d000/image_1dtsjzx.png,images/workflows/whatsapp-business-6.png,whatsapp-business
https://storage.crisp.chat/users/helpdesk/website/-/6/f/1/c/6f1c2c7b8034d000/image_99yg6e.png,images/workflows/whatsapp-business-7.png,whatsapp-business
https://storage.crisp.chat/users/helpdesk/website/-/6/f/1/c/6f1c2c7b8034d000/image_1g2tpxl.png,images/workflows/whatsapp-business-8.png,whatsapp-business
https://storage.crisp.chat/users/helpdesk/website/-/6/f/1/c/6f1c2c7b8034d000/image_1kxz8cr.png,images/workflows/connect-whatsapp-app-1.png,connect-whatsapp-app
https://storage.crisp.chat/users/helpdesk/website/-/6/f/1/c/6f1c2c7b8034d000/image_1ishcdn.png,images/workflows/connect-whatsapp-app-2.png,connect-whatsapp-app
https://storage.crisp.chat/users/helpdesk/website/-/6/f/1/c/6f1c2c7b8034d000/image_1n4sdre.png,images/workflows/connect-whatsapp-app-3.png,connect-whatsapp-app
https://storage.crisp.chat/users/helpdesk/website/-/6/f/1/c/6f1c2c7b8034d000/11111_1igtpwi.png,images/workflows/connect-whatsapp-app-4.png,connect-whatsapp-app
https://storage.crisp.chat/users/helpdesk/website/-/6/f/1/c/6f1c2c7b8034d000/image_1pyvid2.png,images/workflows/connect-whatsapp-app-5.png,connect-whatsapp-app
https://storage.crisp.chat/users/helpdesk/website/-/6/f/1/c/6f1c2c7b8034d000/image_1dyhq3e.png,images/workflows/connect-whatsapp-app-6.png,connect-whatsapp-app
https://storage.crisp.chat/users/helpdesk/website/-/6/f/1/c/6f1c2c7b8034d000/image_1x9ntwf.png,images/workflows/connect-whatsapp-app-7.png,connect-whatsapp-app
https://storage.crisp.chat/users/helpdesk/website/-/6/f/1/c/6f1c2c7b8034d000/image_18bnuy.png,images/workflows/create-whatsapp-account-1.png,create-whatsapp-account
https://storage.crisp.chat/users/helpdesk/website/-/6/f/1/c/6f1c2c7b8034d000/image_14qmvlv.png,images/teams/overview-1.png,overview
https://storage.crisp.chat/users/helpdesk/website/-/6/f/1/c/6f1c2c7b8034d000/image_2ruktu.png,images/teams/overview-2.png,overview
https://storage.crisp.chat/users/helpdesk/website/-/6/f/1/c/6f1c2c7b8034d000/image_1rnc2b9.png,images/teams/overview-3.png,overview
https://storage.crisp.chat/users/helpdesk/website/-/6/f/1/c/6f1c2c7b8034d000/image_1oif7wq.png,images/teams/invite-members-1.png,invite-members
https://storage.crisp.chat/users/helpdesk/website/-/6/f/1/c/6f1c2c7b8034d000/image_16wrrnt.png,images/teams/invite-members-2.png,invite-members
https://storage.crisp.chat/users/helpdesk/website/-/6/f/1/c/6f1c2c7b8034d000/image_1xjuz9t.png,images/teams/invite-members-3.png,invite-members
https://storage.crisp.chat/users/helpdesk/website/-/6/f/1/c/6f1c2c7b8034d000/image_4m3a2t.png,images/teams/invite-members-4.png,invite-members
https://storage.crisp.chat/users/helpdesk/website/-/6/f/1/c/6f1c2c7b8034d000/image_1fx4fct.png,images/teams/invite-members-5.png,invite-members
https://storage.crisp.chat/users/helpdesk/website/-/6/f/1/c/6f1c2c7b8034d000/image_dcjbrm.png,images/teams/remove-member-1.png,remove-member
https://storage.crisp.chat/users/helpdesk/website/-/6/f/1/c/6f1c2c7b8034d000/image_14rku96.png,images/teams/remove-member-2.png,remove-member
https://storage.crisp.chat/users/helpdesk/website/-/6/f/1/c/6f1c2c7b8034d000/image_1dnea77.png,images/teams/remove-member-3.png,remove-member
https://storage.crisp.chat/users/helpdesk/website/-/6/f/1/c/6f1c2c7b8034d000/image_1k8tpv8.png,images/teams/leave-team-1.png,leave-team
https://storage.crisp.chat/users/helpdesk/website/-/6/f/1/c/6f1c2c7b8034d000/image_vyky70.png,images/teams/leave-team-2.png,leave-team
https://storage.crisp.chat/users/helpdesk/website/-/6/f/1/c/6f1c2c7b8034d000/image_19hg9rn.png,images/teams/settings-1.png,settings
https://storage.crisp.chat/users/helpdesk/website/-/6/f/1/c/6f1c2c7b8034d000/image_1wytws.png,images/teams/settings-2.png,settings
https://storage.crisp.chat/users/helpdesk/website/-/6/f/1/c/6f1c2c7b8034d000/image_xyz74v.png,images/teams/settings-3.png,settings
https://storage.crisp.chat/users/helpdesk/website/-/6/f/1/c/6f1c2c7b8034d000/image_jbwkx0.png,images/teams/settings-4.png,settings
https://storage.crisp.chat/users/helpdesk/website/-/6/f/1/c/6f1c2c7b8034d000/image_5f2mj1.png,images/teams/settings-5.png,settings
https://storage.crisp.chat/users/helpdesk/website/-/6/f/1/c/6f1c2c7b8034d000/image_uoj7u5.png,images/teams/settings-6.png,settings
https://storage.crisp.chat/users/helpdesk/website/-/6/f/1/c/6f1c2c7b8034d000/image_6pip3f.png,images/teams/advanced-settings-1.png,advanced-settings
https://storage.crisp.chat/users/helpdesk/website/-/6/f/1/c/6f1c2c7b8034d000/image_1i0j3v0.png,images/teams/advanced-settings-2.png,advanced-settings
https://storage.crisp.chat/users/helpdesk/website/-/6/f/1/c/6f1c2c7b8034d000/image_1nw61x3.png,images/teams/advanced-settings-3.png,advanced-settings
https://storage.crisp.chat/users/helpdesk/website/-/6/f/1/c/6f1c2c7b8034d000/image_e5t9bq.png,images/teams/advanced-settings-4.png,advanced-settings
https://storage.crisp.chat/users/helpdesk/website/-/6/f/1/c/6f1c2c7b8034d000/image_18rpqlc.png,images/teams/round-robin-1.png,round-robin
https://storage.crisp.chat/users/helpdesk/website/-/6/f/1/c/6f1c2c7b8034d000/image_18gty15.png,images/teams/round-robin-2.png,round-robin
https://storage.crisp.chat/users/helpdesk/website/-/6/f/1/c/6f1c2c7b8034d000/image_q1i66x.png,images/teams/round-robin-3.png,round-robin
https://storage.crisp.chat/users/helpdesk/website/-/6/f/1/c/6f1c2c7b8034d000/image_125j8n1.png,images/teams/collective-1.png,collective
https://storage.crisp.chat/users/helpdesk/website/-/6/f/1/c/6f1c2c7b8034d000/image_mxpawq.png,images/teams/collective-2.png,collective
https://storage.crisp.chat/users/helpdesk/website/-/6/f/1/c/6f1c2c7b8034d000/image_1fzris0.png,images/teams/managed-1.png,managed
https://storage.crisp.chat/users/helpdesk/website/-/6/f/1/c/6f1c2c7b8034d000/image_uyidlv.png,images/teams/managed-2.png,managed
https://storage.crisp.chat/users/helpdesk/website/-/6/f/1/c/6f1c2c7b8034d000/image_15340qp.png,images/teams/managed-3.png,managed
https://storage.crisp.chat/users/helpdesk/website/-/6/f/1/c/6f1c2c7b8034d000/image_hq1lnr.png,images/teams/internal-meeting-1.png,internal-meeting
https://storage.crisp.chat/users/helpdesk/website/-/6/f/1/c/6f1c2c7b8034d000/image_11nl6xa.png,images/teams/internal-meeting-2.png,internal-meeting
https://storage.crisp.chat/users/helpdesk/website/-/6/f/1/c/6f1c2c7b8034d000/image_1j9goxh.png,images/teams/internal-meeting-3.png,internal-meeting
https://storage.crisp.chat/users/helpdesk/website/-/6/f/1/c/6f1c2c7b8034d000/image_idx9ip.png,images/teams/internal-meeting-4.png,internal-meeting
https://storage.crisp.chat/users/helpdesk/website/-/6/f/1/c/6f1c2c7b8034d000/image_20ndp5.png,images/apps/google-calendar-2.png,google-calendar
https://storage.crisp.chat/users/helpdesk/website/-/6/f/1/c/6f1c2c7b8034d000/image_1y96mf.png,images/apps/apple-calendar-1.png,apple-calendar
https://storage.crisp.chat/users/helpdesk/website/-/6/f/1/c/6f1c2c7b8034d000/image_13hm5kd.png,images/apps/apple-calendar-2.png,apple-calendar
https://storage.crisp.chat/users/helpdesk/website/-/6/f/1/c/6f1c2c7b8034d000/image_1yrfwtw.png,images/apps/apple-calendar-3.png,apple-calendar
https://storage.crisp.chat/users/helpdesk/website/-/6/f/1/c/6f1c2c7b8034d000/image_1n6ub23.png,images/apps/apple-calendar-4.png,apple-calendar
https://storage.crisp.chat/users/helpdesk/website/-/6/f/1/c/6f1c2c7b8034d000/image_14r3cnq.png,images/apps/apple-calendar-5.png,apple-calendar
https://storage.crisp.chat/users/helpdesk/website/-/6/f/1/c/6f1c2c7b8034d000/image_17imlwz.png,images/apps/apple-calendar-6.png,apple-calendar
https://storage.crisp.chat/users/helpdesk/website/-/6/f/1/c/6f1c2c7b8034d000/image_h3aq02.png,images/apps/zoom-1.png,zoom
https://storage.crisp.chat/users/helpdesk/website/-/6/f/1/c/6f1c2c7b8034d000/image_1tgyzip.png,images/apps/zoom-2.png,zoom
https://storage.crisp.chat/users/helpdesk/website/-/6/f/1/c/6f1c2c7b8034d000/image_ly6hqd.png,images/apps/zoom-3.png,zoom
https://storage.crisp.chat/users/helpdesk/website/-/6/f/1/c/6f1c2c7b8034d000/image_1b19ghy.png,images/apps/zoom-4.png,zoom
https://storage.crisp.chat/users/helpdesk/website/-/6/f/1/c/6f1c2c7b8034d000/image_medkr1.png,images/apps/zoom-5.png,zoom
https://storage.crisp.chat/users/helpdesk/website/-/6/f/1/c/6f1c2c7b8034d000/image_uer4et.png,images/apps/stripe-1.png,stripe
https://storage.crisp.chat/users/helpdesk/website/-/6/f/1/c/6f1c2c7b8034d000/image_1rae54v.png,images/apps/razorpay-1.png,razorpay
https://storage.crisp.chat/users/helpdesk/website/-/6/f/1/c/6f1c2c7b8034d000/image_15e8e89.png,images/apps/razorpay-2.png,razorpay
https://storage.crisp.chat/users/helpdesk/website/-/6/f/1/c/6f1c2c7b8034d000/image_17ebugo.png,images/apps/razorpay-3.png,razorpay
https://storage.crisp.chat/users/helpdesk/website/-/6/f/1/c/6f1c2c7b8034d000/image_1yr0wz2.png,images/apps/razorpay-4.png,razorpay
https://storage.crisp.chat/users/helpdesk/website/-/6/f/1/c/6f1c2c7b8034d000/image_le7kgy.png,images/apps/razorpay-5.png,razorpay
https://storage.crisp.chat/users/helpdesk/website/-/6/f/1/c/6f1c2c7b8034d000/image_vwcgr1.png,images/apps/razorpay-6.png,razorpay
https://storage.crisp.chat/users/helpdesk/website/-/6/f/1/c/6f1c2c7b8034d000/image_ofk7w.png,images/apps/paypal-1.png,paypal
https://storage.crisp.chat/users/helpdesk/website/-/6/f/1/c/6f1c2c7b8034d000/image_yvrnzh.png,images/apps/paypal-2.png,paypal
https://storage.crisp.chat/users/helpdesk/website/-/6/f/1/c/6f1c2c7b8034d000/image_1jt35q2.png,images/apps/paypal-3.png,paypal
https://storage.crisp.chat/users/helpdesk/website/-/6/f/1/c/6f1c2c7b8034d000/image_g394rr.png,images/apps/paypal-4.png,paypal
https://storage.crisp.chat/users/helpdesk/website/-/6/f/1/c/6f1c2c7b8034d000/image_2i7uzw.png,images/apps/paypal-5.png,paypal
https://storage.crisp.chat/users/helpdesk/website/-/6/f/1/c/6f1c2c7b8034d000/image_x8je5f.png,images/apps/make-1.png,make
https://storage.crisp.chat/users/helpdesk/website/-/6/f/1/c/6f1c2c7b8034d000/image_a583r0.png,images/apps/make-2.png,make
https://storage.crisp.chat/users/helpdesk/website/-/6/f/1/c/6f1c2c7b8034d000/image_11pgr8o.png,images/apps/make-3.png,make
https://storage.crisp.chat/users/helpdesk/website/-/6/f/1/c/6f1c2c7b8034d000/image_7kuxqa.png,images/apps/make-4.png,make
https://storage.crisp.chat/users/helpdesk/website/-/6/f/1/c/6f1c2c7b8034d000/image_1txcdqe.png,images/apps/make-5.png,make
https://storage.crisp.chat/users/helpdesk/website/-/6/f/1/c/6f1c2c7b8034d000/image_1t2fugh.png,images/apps/make-6.png,make
https://storage.crisp.chat/users/helpdesk/website/-/6/f/1/c/6f1c2c7b8034d000/image_htvsup.png,images/apps/make-7.png,make
https://storage.crisp.chat/users/helpdesk/website/-/6/f/1/c/6f1c2c7b8034d000/image_pm6lf8.png,images/apps/make-8.png,make
https://storage.crisp.chat/users/helpdesk/website/-/6/f/1/c/6f1c2c7b8034d000/image_1a8krl3.png,images/apps/pabbly-1.png,pabbly
https://storage.crisp.chat/users/helpdesk/website/-/6/f/1/c/6f1c2c7b8034d000/image_1omaajh.png,images/apps/pabbly-2.png,pabbly
https://storage.crisp.chat/users/helpdesk/website/-/6/f/1/c/6f1c2c7b8034d000/image_1s3gza.png,images/apps/pabbly-3.png,pabbly
https://storage.crisp.chat/users/helpdesk/website/-/6/f/1/c/6f1c2c7b8034d000/image_1h8a8je.png,images/apps/pabbly-4.png,pabbly
https://storage.crisp.chat/users/helpdesk/website/-/6/f/1/c/6f1c2c7b8034d000/image_yxzd2l.png,images/apps/pabbly-5.png,pabbly
https://storage.crisp.chat/users/helpdesk/website/-/6/f/1/c/6f1c2c7b8034d000/image_cd22su.png,images/apps/pabbly-6.png,pabbly
https://storage.crisp.chat/users/helpdesk/website/-/6/f/1/c/6f1c2c7b8034d000/image_o2tx6l.png,images/apps/pabbly-7.png,pabbly
https://storage.crisp.chat/users/helpdesk/website/-/6/f/1/c/6f1c2c7b8034d000/image_1aptf2y.png,images/apps/pabbly-8.png,pabbly
https://storage.crisp.chat/users/helpdesk/website/-/6/f/1/c/6f1c2c7b8034d000/image_1dfj2nc.png,images/apps/pabbly-9.png,pabbly
https://storage.crisp.chat/users/helpdesk/website/-/6/f/1/c/6f1c2c7b8034d000/image_z9ikq2.png,images/apps/pabbly-10.png,pabbly
https://storage.crisp.chat/users/helpdesk/website/-/6/f/1/c/6f1c2c7b8034d000/image_1lhm542.png,images/apps/pabbly-11.png,pabbly
https://storage.crisp.chat/users/helpdesk/website/-/6/f/1/c/6f1c2c7b8034d000/image_1gv3g1s.png,images/apps/pabbly-12.png,pabbly
https://storage.crisp.chat/users/helpdesk/website/-/6/f/1/c/6f1c2c7b8034d000/image_zqb9oc.png,images/apps/pabbly-13.png,pabbly
https://storage.crisp.chat/users/helpdesk/website/-/6/f/1/c/6f1c2c7b8034d000/image_xt5fe3.png,images/apps/pabbly-14.png,pabbly
https://storage.crisp.chat/users/helpdesk/website/-/6/f/1/c/6f1c2c7b8034d000/image_scuwbf.png,images/apps/pabbly-15.png,pabbly
https://storage.crisp.chat/users/helpdesk/website/-/6/f/1/c/6f1c2c7b8034d000/image_fz4nm8.png,images/apps/slack-1.png,slack
https://storage.crisp.chat/users/helpdesk/website/-/6/f/1/c/6f1c2c7b8034d000/image_1206ijx.png,images/apps/google-analytics-1.png,google-analytics
https://storage.crisp.chat/users/helpdesk/website/-/6/f/1/c/6f1c2c7b8034d000/image_q68n29.png,images/apps/google-analytics-2.png,google-analytics
https://storage.crisp.chat/users/helpdesk/website/-/6/f/1/c/6f1c2c7b8034d000/image_yem785.png,images/apps/google-analytics-3.png,google-analytics
https://storage.crisp.chat/users/helpdesk/website/-/6/f/1/c/6f1c2c7b8034d000/image_1esut3w.png,images/apps/google-analytics-4.png,google-analytics
https://storage.crisp.chat/users/helpdesk/website/-/6/f/1/c/6f1c2c7b8034d000/image_1ydk9an.png,images/apps/google-analytics-5.png,google-analytics
https://storage.crisp.chat/users/helpdesk/website/-/6/f/1/c/6f1c2c7b8034d000/image_18olcwz.png,images/apps/google-analytics-6.png,google-analytics
https://storage.crisp.chat/users/helpdesk/website/-/6/f/1/c/6f1c2c7b8034d000/image_kusn7r.png,images/apps/google-analytics-7.png,google-analytics
https://storage.crisp.chat/users/helpdesk/website/-/6/f/1/c/6f1c2c7b8034d000/image_1x9hpe0.png,images/apps/google-analytics-8.png,google-analytics
https://storage.crisp.chat/users/helpdesk/website/-/6/f/1/c/6f1c2c7b8034d000/image_hwbcv9.png,images/apps/google-analytics-9.png,google-analytics
https://storage.crisp.chat/users/helpdesk/website/-/6/f/1/c/6f1c2c7b8034d000/image_7yon95.png,images/apps/google-analytics-10.png,google-analytics
https://storage.crisp.chat/users/helpdesk/website/-/6/f/1/c/6f1c2c7b8034d000/image_16ibwl1.png,images/apps/google-analytics-11.png,google-analytics
https://storage.crisp.chat/users/helpdesk/website/-/6/f/1/c/6f1c2c7b8034d000/image_dkyfa6.png,images/apps/google-analytics-12.png,google-analytics
https://storage.crisp.chat/users/helpdesk/website/-/6/f/1/c/6f1c2c7b8034d000/image_147b34x.png,images/apps/google-analytics-13.png,google-analytics
https://storage.crisp.chat/users/helpdesk/website/-/6/f/1/c/6f1c2c7b8034d000/image_tp948h.png,images/apps/app-store-1.png,app-store
https://storage.crisp.chat/users/helpdesk/website/-/6/f/1/c/6f1c2c7b8034d000/image_5tn27z.png,images/apps/app-store-2.png,app-store
https://storage.crisp.chat/users/helpdesk/website/-/6/f/1/c/6f1c2c7b8034d000/image_16gk7rs.png,images/apps/app-store-3.png,app-store
https://storage.crisp.chat/users/helpdesk/website/-/6/f/1/c/6f1c2c7b8034d000/image_1f56hc0.png,images/apps/app-store-4.png,app-store
https://storage.crisp.chat/users/helpdesk/website/-/6/f/1/c/6f1c2c7b8034d000/image_ld308u.png,images/apps/install-app-1.png,install-app
https://storage.crisp.chat/users/helpdesk/website/-/6/f/1/c/6f1c2c7b8034d000/image_ae4izc.png,images/apps/manage-installed-1.png,manage-installed
https://storage.crisp.chat/users/helpdesk/website/-/6/f/1/c/6f1c2c7b8034d000/image_1tezvpf.png,images/apps/manage-installed-2.png,manage-installed
https://storage.crisp.chat/users/helpdesk/website/-/6/f/1/c/6f1c2c7b8034d000/image_1keg2b5.png,images/appearance/appearance-2.png,appearance
https://storage.crisp.chat/users/helpdesk/website/-/6/f/1/c/6f1c2c7b8034d000/image_ah1kev.png,images/appearance/appearance-3.png,appearance
https://storage.crisp.chat/users/helpdesk/website/-/6/f/1/c/6f1c2c7b8034d000/image_1d7c1d3.png,images/appearance/appearance-4.png,appearance
https://storage.crisp.chat/users/helpdesk/website/-/6/f/1/c/6f1c2c7b8034d000/image_3n6bel.png,images/appearance/appearance-5.png,appearance
https://storage.crisp.chat/users/helpdesk/website/-/6/f/1/c/6f1c2c7b8034d000/image_1sftzxr.png,images/appearance/appearance-6.png,appearance
https://storage.crisp.chat/users/helpdesk/website/-/6/f/1/c/6f1c2c7b8034d000/image_1s7el58.png,images/appearance/appearance-7.png,appearance
https://storage.crisp.chat/users/helpdesk/website/-/6/f/1/c/6f1c2c7b8034d000/image_vk8128.png,images/appearance/appearance-8.png,appearance
https://storage.crisp.chat/users/helpdesk/website/-/6/f/1/c/6f1c2c7b8034d000/image_5418ro.png,images/appearance/appearance-9.png,appearance
https://storage.crisp.chat/users/helpdesk/website/-/6/f/1/c/6f1c2c7b8034d000/image_160s1j5.png,images/appearance/appearance-10.png,appearance
https://storage.crisp.chat/users/helpdesk/website/-/6/f/1/c/6f1c2c7b8034d000/image_1n0lcog.png,images/appearance/appearance-11.png,appearance
https://storage.crisp.chat/users/helpdesk/website/-/6/f/1/c/6f1c2c7b8034d000/image_1rnnhnf.png,images/appearance/team-appearance-1.png,team-appearance
https://storage.crisp.chat/users/helpdesk/website/-/6/f/1/c/6f1c2c7b8034d000/image_qdwhsg.png,images/appearance/team-appearance-2.png,team-appearance
https://storage.crisp.chat/users/helpdesk/website/-/6/f/1/c/6f1c2c7b8034d000/image_kw0d9j.png,images/appearance/team-appearance-3.png,team-appearance
https://storage.crisp.chat/users/helpdesk/website/-/6/f/1/c/6f1c2c7b8034d000/image_1pq8tea.png,images/appearance/team-appearance-4.png,team-appearance
https://storage.crisp.chat/users/helpdesk/website/-/6/f/1/c/6f1c2c7b8034d000/image_1dfhhh4.png,images/appearance/team-appearance-5.png,team-appearance
https://storage.crisp.chat/users/helpdesk/website/-/6/f/1/c/6f1c2c7b8034d000/image_x5lddi.png,images/appearance/team-appearance-6.png,team-appearance
https://storage.crisp.chat/users/helpdesk/website/-/6/f/1/c/6f1c2c7b8034d000/image_6uiv9e.png,images/branding/personal-1.png,personal
https://storage.crisp.chat/users/helpdesk/website/-/6/f/1/c/6f1c2c7b8034d000/image_10baqvd.png,images/branding/personal-2.png,personal
https://storage.crisp.chat/users/helpdesk/website/-/6/f/1/c/6f1c2c7b8034d000/image_19q4md.png,images/branding/personal-3.png,personal
https://storage.crisp.chat/users/helpdesk/website/-/6/f/1/c/6f1c2c7b8034d000/image_jepryp.png,images/branding/personal-4.png,personal
https://storage.crisp.chat/users/helpdesk/website/-/6/f/1/c/6f1c2c7b8034d000/image_15z0kbq.png,images/branding/teams-1.png,teams
https://storage.crisp.chat/users/helpdesk/website/-/6/f/1/c/6f1c2c7b8034d000/image_14oxdcf.png,images/branding/teams-2.png,teams
https://storage.crisp.chat/users/helpdesk/website/-/6/f/1/c/6f1c2c7b8034d000/image_179cej.png,images/branding/teams-3.png,teams
https://storage.crisp.chat/users/helpdesk/website/-/6/f/1/c/6f1c2c7b8034d000/image_1istzze.png,images/branding/teams-4.png,teams
https://storage.crisp.chat/users/helpdesk/website/-/6/f/1/c/6f1c2c7b8034d000/image_jepryp.png,images/branding/teams-5.png,teams
https://storage.crisp.chat/users/helpdesk/website/-/6/f/1/c/6f1c2c7b8034d000/image_1v1n6jj.png,images/branding/banner-1.png,banner
https://storage.crisp.chat/users/helpdesk/website/-/6/f/1/c/6f1c2c7b8034d000/image_1fkdtdd.png,images/branding/banner-2.png,banner
https://storage.crisp.chat/users/helpdesk/website/-/6/f/1/c/6f1c2c7b8034d000/image_15z0kbq.png,images/branding/banner-team-1.png,banner-team
https://storage.crisp.chat/users/helpdesk/website/-/6/f/1/c/6f1c2c7b8034d000/image_14oxdcf.png,images/branding/banner-team-2.png,banner-team
https://storage.crisp.chat/users/helpdesk/website/-/6/f/1/c/6f1c2c7b8034d000/image_49t9e.png,images/branding/banner-team-3.png,banner-team
https://storage.crisp.chat/users/helpdesk/website/-/6/f/1/c/6f1c2c7b8034d000/image_1l2adye.png,images/branding/social-profiles-1.png,social-profiles
https://storage.crisp.chat/users/helpdesk/website/-/6/f/1/c/6f1c2c7b8034d000/image_k1coxk.png,images/branding/social-profiles-2.png,social-profiles
https://storage.crisp.chat/users/helpdesk/website/-/6/f/1/c/6f1c2c7b8034d000/image_5kkgpq.png,images/branding/social-profiles-3.png,social-profiles
https://storage.crisp.chat/users/helpdesk/website/-/6/f/1/c/6f1c2c7b8034d000/image_1ouelcw.png,images/branding/brand-colors-1.png,brand-colors
https://storage.crisp.chat/users/helpdesk/website/-/6/f/1/c/6f1c2c7b8034d000/image_1fbaruk.png,images/branding/brand-colors-2.png,brand-colors
https://storage.crisp.chat/users/helpdesk/website/-/6/f/1/c/6f1c2c7b8034d000/image_1u8psdk.png,images/branding/brand-colors-3.png,brand-colors
https://storage.crisp.chat/users/helpdesk/website/-/6/f/1/c/6f1c2c7b8034d000/image_9fxket.png,images/branding/brand-colors-4.png,brand-colors
https://storage.crisp.chat/users/helpdesk/website/-/6/f/1/c/6f1c2c7b8034d000/image_lj3yya.png,images/branding/brand-colors-5.png,brand-colors
https://storage.crisp.chat/users/helpdesk/website/-/6/f/1/c/6f1c2c7b8034d000/image_15z0kbq.png,images/branding/brand-colors-team-1.png,brand-colors-team
https://storage.crisp.chat/users/helpdesk/website/-/6/f/1/c/6f1c2c7b8034d000/image_14oxdcf.png,images/branding/brand-colors-team-2.png,brand-colors-team
https://storage.crisp.chat/users/helpdesk/website/-/6/f/1/c/6f1c2c7b8034d000/image_mn3w10.png,images/branding/brand-colors-team-3.png,brand-colors-team
https://storage.crisp.chat/users/helpdesk/website/-/6/f/1/c/6f1c2c7b8034d000/image_139rq7j.png,images/branding/brand-colors-team-4.png,brand-colors-team
https://storage.crisp.chat/users/helpdesk/website/-/6/f/1/c/6f1c2c7b8034d000/image_4a4rw6.png,images/branding/brand-colors-team-5.png,brand-colors-team
https://storage.crisp.chat/users/helpdesk/website/-/6/f/1/c/6f1c2c7b8034d000/image_1xvqu7x.png,images/branding/brand-colors-team-6.png,brand-colors-team
https://storage.crisp.chat/users/helpdesk/website/-/6/f/1/c/6f1c2c7b8034d000/image_530dh6.png,images/branding/brand-colors-team-7.png,brand-colors-team
https://storage.crisp.chat/users/helpdesk/website/-/6/f/1/c/6f1c2c7b8034d000/image_4nmz93.png,images/branding/logo-favicon-1.png,logo-favicon
https://storage.crisp.chat/users/helpdesk/website/-/6/f/1/c/6f1c2c7b8034d000/image_1jqq4zg.png,images/branding/logo-favicon-2.png,logo-favicon
https://storage.crisp.chat/users/helpdesk/website/-/6/f/1/c/6f1c2c7b8034d000/image_1pa5602.png,images/branding/logo-favicon-3.png,logo-favicon
https://storage.crisp.chat/users/helpdesk/website/-/6/f/1/c/6f1c2c7b8034d000/image_ott7s7.png,images/branding/logo-favicon-4.png,logo-favicon
https://storage.crisp.chat/users/helpdesk/website/-/6/f/1/c/6f1c2c7b8034d000/image_159bp9q.png,images/branding/logo-favicon-5.png,logo-favicon
https://storage.crisp.chat/users/helpdesk/website/-/6/f/1/c/6f1c2c7b8034d000/image_134s2c5.png,images/branding/logo-favicon-team-1.png,logo-favicon-team
https://storage.crisp.chat/users/helpdesk/website/-/6/f/1/c/6f1c2c7b8034d000/image_gdhayc.png,images/branding/logo-favicon-team-2.png,logo-favicon-team
https://storage.crisp.chat/users/helpdesk/website/-/6/f/1/c/6f1c2c7b8034d000/image_z46tzw.png,images/branding/logo-favicon-team-3.png,logo-favicon-team
https://storage.crisp.chat/users/helpdesk/website/-/6/f/1/c/6f1c2c7b8034d000/image_186ijdy.png,images/branding/logo-favicon-team-4.png,logo-favicon-team
https://storage.crisp.chat/users/helpdesk/website/-/6/f/1/c/6f1c2c7b8034d000/image_17jvwa3.png,images/branding/logo-favicon-team-5.png,logo-favicon-team
https://storage.crisp.chat/users/helpdesk/website/-/6/f/1/c/6f1c2c7b8034d000/image_1depktw.png,images/branding/logo-favicon-team-6.png,logo-favicon-team
https://storage.crisp.chat/users/helpdesk/website/-/6/f/1/c/6f1c2c7b8034d000/image_692j1d.png,images/branding/logo-favicon-team-7.png,logo-favicon-team
https://storage.crisp.chat/users/helpdesk/website/-/6/f/1/c/6f1c2c7b8034d000/image_w7qisb.png,images/settings/profile-2.png,profile
https://storage.crisp.chat/users/helpdesk/website/-/6/f/1/c/6f1c2c7b8034d000/image_1vm5p6b.png,images/settings/profile-3.png,profile
https://storage.crisp.chat/users/helpdesk/website/-/6/f/1/c/6f1c2c7b8034d000/image_7brlx0.png,images/settings/profile-4.png,profile
https://storage.crisp.chat/users/helpdesk/website/-/6/f/1/c/6f1c2c7b8034d000/image_1ekvl4k.png,images/settings/profile-5.png,profile
https://storage.crisp.chat/users/helpdesk/website/-/6/f/1/c/6f1c2c7b8034d000/image_11yn29x.png,images/settings/profile-6.png,profile
https://storage.crisp.chat/users/helpdesk/website/-/6/f/1/c/6f1c2c7b8034d000/image_1xqmxff.png,images/settings/profile-7.png,profile
https://storage.crisp.chat/users/helpdesk/website/-/6/f/1/c/6f1c2c7b8034d000/image_1or1v0u.png,images/settings/general-1.png,general
https://storage.crisp.chat/users/helpdesk/website/-/6/f/1/c/6f1c2c7b8034d000/image_1d01hmg.png,images/settings/general-2.png,general
https://storage.crisp.chat/users/helpdesk/website/-/6/f/1/c/6f1c2c7b8034d000/image_15wabn5.png,images/settings/general-3.png,general
https://storage.crisp.chat/users/helpdesk/website/-/6/f/1/c/6f1c2c7b8034d000/image_1n1k701.png,images/settings/general-4.png,general
https://storage.crisp.chat/users/helpdesk/website/-/6/f/1/c/6f1c2c7b8034d000/image_ys0d3c.png,images/settings/general-5.png,general
https://storage.crisp.chat/users/helpdesk/website/-/6/f/1/c/6f1c2c7b8034d000/image_1t0gmg3.png,images/settings/general-6.png,general
https://storage.crisp.chat/users/helpdesk/website/-/6/f/1/c/6f1c2c7b8034d000/image_1s1wiae.png,images/settings/general-7.png,general
https://storage.crisp.chat/users/helpdesk/website/-/6/f/1/c/6f1c2c7b8034d000/image_iqchvv.png,images/settings/general-8.png,general
https://storage.crisp.chat/users/helpdesk/website/-/6/f/1/c/6f1c2c7b8034d000/image_xgfwsi.png,images/settings/time-format-1.png,time-format
https://storage.crisp.chat/users/helpdesk/website/-/6/f/1/c/6f1c2c7b8034d000/image_1rds5yd.png,images/settings/time-format-2.png,time-format
https://storage.crisp.chat/users/helpdesk/website/-/6/f/1/c/6f1c2c7b8034d000/image_1b54lhx.png,images/settings/time-format-3.png,time-format
https://storage.crisp.chat/users/helpdesk/website/-/6/f/1/c/6f1c2c7b8034d000/image_jj3d8d.png,images/settings/start-of-week-1.png,start-of-week
https://storage.crisp.chat/users/helpdesk/website/-/6/f/1/c/6f1c2c7b8034d000/image_9quh3o.png,images/settings/start-of-week-2.png,start-of-week
https://storage.crisp.chat/users/helpdesk/website/-/6/f/1/c/6f1c2c7b8034d000/image_b1ogj.png,images/settings/dynamic-group-links-1.png,dynamic-group-links
https://storage.crisp.chat/users/helpdesk/website/-/6/f/1/c/6f1c2c7b8034d000/image_16bfdkc.png,images/settings/push-notifications-1.png,push-notifications
https://storage.crisp.chat/users/helpdesk/website/-/6/f/1/c/6f1c2c7b8034d000/image_glhtke.png,images/settings/password-1.png,password
https://storage.crisp.chat/users/helpdesk/website/-/6/f/1/c/6f1c2c7b8034d000/image_cfeu94.png,images/settings/password-2.png,password
https://storage.crisp.chat/users/helpdesk/website/-/6/f/1/c/6f1c2c7b8034d000/image_18htvy5.png,images/insights/booking-performance-1.png,booking-performance
https://storage.crisp.chat/users/helpdesk/website/-/6/f/1/c/6f1c2c7b8034d000/image_1t7cyb5.png,images/insights/booking-performance-2.png,booking-performance
https://storage.crisp.chat/users/helpdesk/website/-/6/f/1/c/6f1c2c7b8034d000/image_1300ewb.png,images/insights/booking-performance-3.png,booking-performance
https://storage.crisp.chat/users/helpdesk/website/-/6/f/1/c/6f1c2c7b8034d000/image_162qgvw.png,images/insights/booking-performance-4.png,booking-performance
https://storage.crisp.chat/users/helpdesk/website/-/6/f/1/c/6f1c2c7b8034d000/image_4gwnub.png,images/insights/booking-performance-5.png,booking-performance
https://storage.crisp.chat/users/helpdesk/website/-/6/f/1/c/6f1c2c7b8034d000/image_xm2jw3.png,images/insights/booking-performance-6.png,booking-performance
https://storage.crisp.chat/users/helpdesk/website/-/6/f/1/c/6f1c2c7b8034d000/image_gvkx6x.png,images/insights/booking-performance-7.png,booking-performance
https://storage.crisp.chat/users/helpdesk/website/-/6/f/1/c/6f1c2c7b8034d000/image_1pt7l9p.png,images/insights/workflow-performance-1.png,workflow-performance
https://storage.crisp.chat/users/helpdesk/website/-/6/f/1/c/6f1c2c7b8034d000/image_g62952.png,images/insights/workflow-performance-2.png,workflow-performance
https://storage.crisp.chat/users/helpdesk/website/-/6/f/1/c/6f1c2c7b8034d000/image_vn3txk.png,images/insights/routing-performance-1.png,routing-performance
https://storage.crisp.chat/users/helpdesk/website/-/6/f/1/c/6f1c2c7b8034d000/image_slwdh5.png,images/insights/routing-performance-2.png,routing-performance
https://storage.crisp.chat/users/helpdesk/website/-/6/f/1/c/6f1c2c7b8034d000/image_1637vkk.png,images/insights/routing-performance-3.png,routing-performance
https://storage.crisp.chat/users/helpdesk/website/-/6/f/1/c/6f1c2c7b8034d000/image_2lcrz5.png,images/insights/routing-performance-4.png,routing-performance
https://storage.crisp.chat/users/helpdesk/website/-/6/f/1/c/6f1c2c7b8034d000/image_1wb686l.png,images/insights/routing-performance-5.png,routing-performance
https://storage.crisp.chat/users/helpdesk/website/-/6/f/1/c/6f1c2c7b8034d000/image_1l0gf9u.png,images/insights/routing-performance-6.png,routing-performance
https://storage.crisp.chat/users/helpdesk/website/-/6/f/1/c/6f1c2c7b8034d000/image_nrp13l.png,images/insights/routing-performance-7.png,routing-performance
https://storage.crisp.chat/users/helpdesk/website/-/6/f/1/c/6f1c2c7b8034d000/image_1qy16ld.png,images/developers/api-key-1.png,api-key
https://storage.crisp.chat/users/helpdesk/website/-/6/f/1/c/6f1c2c7b8034d000/image_1ulhqua.png,images/developers/api-key-2.png,api-key
https://storage.crisp.chat/users/helpdesk/website/-/6/f/1/c/6f1c2c7b8034d000/image_1vdvdor.png,images/developers/api-key-3.png,api-key
https://storage.crisp.chat/users/helpdesk/website/-/6/f/1/c/6f1c2c7b8034d000/image_11ubuvu.png,images/developers/api-key-4.png,api-key
https://storage.crisp.chat/users/helpdesk/website/-/6/f/1/c/6f1c2c7b8034d000/image_195g1u5.png,images/developers/event-type-id-1.png,event-type-id
https://storage.crisp.chat/users/helpdesk/website/-/6/f/1/c/6f1c2c7b8034d000/image_sm2h6y.png,images/developers/webhooks-1.png,webhooks
