https://storage.crisp.chat/users/helpdesk/website/-/6/f/1/c/6f1c2c7b8034d000/image_c2w54t.png,images/workflows/overview-1.png,overview
https://storage.crisp.chat/users/helpdesk/website/-/6/f/1/c/6f1c2c7b8034d000/image_32m7g1.png,images/workflows/overview-2.png,overview
https://storage.crisp.chat/users/helpdesk/website/-/6/f/1/c/6f1c2c7b8034d000/image_14adhk4.png,images/workflows/overview-3.png,overview
https://storage.crisp.chat/users/helpdesk/website/-/6/f/1/c/6f1c2c7b8034d000/image_1ngx07s.png,images/workflows/overview-4.png,overview
https://storage.crisp.chat/users/helpdesk/website/-/6/f/1/c/6f1c2c7b8034d000/image_k4wk2k.png,images/workflows/overview-5.png,overview
https://storage.crisp.chat/users/helpdesk/website/-/6/f/1/c/6f1c2c7b8034d000/image_1l4rsa7.png,images/workflows/overview-6.png,overview
https://storage.crisp.chat/users/helpdesk/website/-/6/f/1/c/6f1c2c7b8034d000/image_1xvj7zd.png,images/workflows/custom-messages-1.png,custom-messages
https://storage.crisp.chat/users/helpdesk/website/-/6/f/1/c/6f1c2c7b8034d000/image_1hrwo2u.png,images/workflows/custom-messages-2.png,custom-messages
https://storage.crisp.chat/users/helpdesk/website/-/6/f/1/c/6f1c2c7b8034d000/image_g94mux.png,images/workflows/custom-messages-3.png,custom-messages
https://storage.crisp.chat/users/helpdesk/website/-/6/f/1/c/6f1c2c7b8034d000/image_mnhufw.png,images/workflows/whatsapp-business-1.png,whatsapp-business
https://storage.crisp.chat/users/helpdesk/website/-/6/f/1/c/6f1c2c7b8034d000/image_wmz6vy.png,images/workflows/whatsapp-business-2.png,whatsapp-business
https://storage.crisp.chat/users/helpdesk/website/-/6/f/1/c/6f1c2c7b8034d000/image_1mi7vxf.png,images/workflows/whatsapp-business-3.png,whatsapp-business
https://storage.crisp.chat/users/helpdesk/website/-/6/f/1/c/6f1c2c7b8034d000/image_1d5wdb8.png,images/workflows/whatsapp-business-4.png,whatsapp-business
https://storage.crisp.chat/users/helpdesk/website/-/6/f/1/c/6f1c2c7b8034d000/image_1dr9lry.png,images/workflows/whatsapp-business-5.png,whatsapp-business
https://storage.crisp.chat/users/helpdesk/website/-/6/f/1/c/6f1c2c7b8034d000/image_1dtsjzx.png,images/workflows/whatsapp-business-6.png,whatsapp-business
https://storage.crisp.chat/users/helpdesk/website/-/6/f/1/c/6f1c2c7b8034d000/image_99yg6e.png,images/workflows/whatsapp-business-7.png,whatsapp-business
https://storage.crisp.chat/users/helpdesk/website/-/6/f/1/c/6f1c2c7b8034d000/image_1g2tpxl.png,images/workflows/whatsapp-business-8.png,whatsapp-business
https://storage.crisp.chat/users/helpdesk/website/-/6/f/1/c/6f1c2c7b8034d000/image_1kxz8cr.png,images/workflows/connect-whatsapp-app-1.png,connect-whatsapp-app
https://storage.crisp.chat/users/helpdesk/website/-/6/f/1/c/6f1c2c7b8034d000/image_1ishcdn.png,images/workflows/connect-whatsapp-app-2.png,connect-whatsapp-app
https://storage.crisp.chat/users/helpdesk/website/-/6/f/1/c/6f1c2c7b8034d000/image_1n4sdre.png,images/workflows/connect-whatsapp-app-3.png,connect-whatsapp-app
https://storage.crisp.chat/users/helpdesk/website/-/6/f/1/c/6f1c2c7b8034d000/11111_1igtpwi.png,images/workflows/connect-whatsapp-app-4.png,connect-whatsapp-app
https://storage.crisp.chat/users/helpdesk/website/-/6/f/1/c/6f1c2c7b8034d000/image_1pyvid2.png,images/workflows/connect-whatsapp-app-5.png,connect-whatsapp-app
https://storage.crisp.chat/users/helpdesk/website/-/6/f/1/c/6f1c2c7b8034d000/image_1dyhq3e.png,images/workflows/connect-whatsapp-app-6.png,connect-whatsapp-app
https://storage.crisp.chat/users/helpdesk/website/-/6/f/1/c/6f1c2c7b8034d000/image_1x9ntwf.png,images/workflows/connect-whatsapp-app-7.png,connect-whatsapp-app
https://storage.crisp.chat/users/helpdesk/website/-/6/f/1/c/6f1c2c7b8034d000/image_18bnuy.png,images/workflows/create-whatsapp-account-1.png,create-whatsapp-account
https://storage.crisp.chat/users/helpdesk/website/-/6/f/1/c/6f1c2c7b8034d000/image_14qmvlv.png,images/teams/overview-1.png,overview
https://storage.crisp.chat/users/helpdesk/website/-/6/f/1/c/6f1c2c7b8034d000/image_2ruktu.png,images/teams/overview-2.png,overview
https://storage.crisp.chat/users/helpdesk/website/-/6/f/1/c/6f1c2c7b8034d000/image_1rnc2b9.png,images/teams/overview-3.png,overview
https://storage.crisp.chat/users/helpdesk/website/-/6/f/1/c/6f1c2c7b8034d000/image_1oif7wq.png,images/teams/invite-members-1.png,invite-members
https://storage.crisp.chat/users/helpdesk/website/-/6/f/1/c/6f1c2c7b8034d000/image_16wrrnt.png,images/teams/invite-members-2.png,invite-members
https://storage.crisp.chat/users/helpdesk/website/-/6/f/1/c/6f1c2c7b8034d000/image_1xjuz9t.png,images/teams/invite-members-3.png,invite-members
https://storage.crisp.chat/users/helpdesk/website/-/6/f/1/c/6f1c2c7b8034d000/image_4m3a2t.png,images/teams/invite-members-4.png,invite-members
https://storage.crisp.chat/users/helpdesk/website/-/6/f/1/c/6f1c2c7b8034d000/image_1fx4fct.png,images/teams/invite-members-5.png,invite-members
https://storage.crisp.chat/users/helpdesk/website/-/6/f/1/c/6f1c2c7b8034d000/image_dcjbrm.png,images/teams/remove-member-1.png,remove-member
https://storage.crisp.chat/users/helpdesk/website/-/6/f/1/c/6f1c2c7b8034d000/image_14rku96.png,images/teams/remove-member-2.png,remove-member
https://storage.crisp.chat/users/helpdesk/website/-/6/f/1/c/6f1c2c7b8034d000/image_1dnea77.png,images/teams/remove-member-3.png,remove-member
https://storage.crisp.chat/users/helpdesk/website/-/6/f/1/c/6f1c2c7b8034d000/image_1k8tpv8.png,images/teams/leave-team-1.png,leave-team
https://storage.crisp.chat/users/helpdesk/website/-/6/f/1/c/6f1c2c7b8034d000/image_vyky70.png,images/teams/leave-team-2.png,leave-team
https://storage.crisp.chat/users/helpdesk/website/-/6/f/1/c/6f1c2c7b8034d000/image_19hg9rn.png,images/teams/settings-1.png,settings
https://storage.crisp.chat/users/helpdesk/website/-/6/f/1/c/6f1c2c7b8034d000/image_1wytws.png,images/teams/settings-2.png,settings
https://storage.crisp.chat/users/helpdesk/website/-/6/f/1/c/6f1c2c7b8034d000/image_xyz74v.png,images/teams/settings-3.png,settings
https://storage.crisp.chat/users/helpdesk/website/-/6/f/1/c/6f1c2c7b8034d000/image_jbwkx0.png,images/teams/settings-4.png,settings
https://storage.crisp.chat/users/helpdesk/website/-/6/f/1/c/6f1c2c7b8034d000/image_5f2mj1.png,images/teams/settings-5.png,settings
https://storage.crisp.chat/users/helpdesk/website/-/6/f/1/c/6f1c2c7b8034d000/image_uoj7u5.png,images/teams/settings-6.png,settings
https://storage.crisp.chat/users/helpdesk/website/-/6/f/1/c/6f1c2c7b8034d000/image_6pip3f.png,images/teams/advanced-settings-1.png,advanced-settings
https://storage.crisp.chat/users/helpdesk/website/-/6/f/1/c/6f1c2c7b8034d000/image_1i0j3v0.png,images/teams/advanced-settings-2.png,advanced-settings
https://storage.crisp.chat/users/helpdesk/website/-/6/f/1/c/6f1c2c7b8034d000/image_1nw61x3.png,images/teams/advanced-settings-3.png,advanced-settings
https://storage.crisp.chat/users/helpdesk/website/-/6/f/1/c/6f1c2c7b8034d000/image_e5t9bq.png,images/teams/advanced-settings-4.png,advanced-settings
https://storage.crisp.chat/users/helpdesk/website/-/6/f/1/c/6f1c2c7b8034d000/image_18rpqlc.png,images/teams/round-robin-1.png,round-robin
https://storage.crisp.chat/users/helpdesk/website/-/6/f/1/c/6f1c2c7b8034d000/image_18gty15.png,images/teams/round-robin-2.png,round-robin
https://storage.crisp.chat/users/helpdesk/website/-/6/f/1/c/6f1c2c7b8034d000/image_q1i66x.png,images/teams/round-robin-3.png,round-robin
https://storage.crisp.chat/users/helpdesk/website/-/6/f/1/c/6f1c2c7b8034d000/image_125j8n1.png,images/teams/collective-1.png,collective
https://storage.crisp.chat/users/helpdesk/website/-/6/f/1/c/6f1c2c7b8034d000/image_mxpawq.png,images/teams/collective-2.png,collective
https://storage.crisp.chat/users/helpdesk/website/-/6/f/1/c/6f1c2c7b8034d000/image_1fzris0.png,images/teams/managed-1.png,managed
https://storage.crisp.chat/users/helpdesk/website/-/6/f/1/c/6f1c2c7b8034d000/image_uyidlv.png,images/teams/managed-2.png,managed
https://storage.crisp.chat/users/helpdesk/website/-/6/f/1/c/6f1c2c7b8034d000/image_15340qp.png,images/teams/managed-3.png,managed
https://storage.crisp.chat/users/helpdesk/website/-/6/f/1/c/6f1c2c7b8034d000/image_hq1lnr.png,images/teams/internal-meeting-1.png,internal-meeting
https://storage.crisp.chat/users/helpdesk/website/-/6/f/1/c/6f1c2c7b8034d000/image_11nl6xa.png,images/teams/internal-meeting-2.png,internal-meeting
https://storage.crisp.chat/users/helpdesk/website/-/6/f/1/c/6f1c2c7b8034d000/image_1j9goxh.png,images/teams/internal-meeting-3.png,internal-meeting
https://storage.crisp.chat/users/helpdesk/website/-/6/f/1/c/6f1c2c7b8034d000/image_idx9ip.png,images/teams/internal-meeting-4.png,internal-meeting
