https://storage.crisp.chat/users/helpdesk/website/-/6/f/1/c/6f1c2c7b8034d000/image_f9yf19.png,images/event-types/buffers-1.png,buffers
https://storage.crisp.chat/users/helpdesk/website/-/6/f/1/c/6f1c2c7b8034d000/image_axjg8y.png,images/event-types/minimum-notice-1.png,minimum-notice
https://storage.crisp.chat/users/helpdesk/website/-/6/f/1/c/6f1c2c7b8034d000/image_90i6w8.png,images/event-types/time-slot-intervals-1.png,time-slot-intervals
https://storage.crisp.chat/users/helpdesk/website/-/6/f/1/c/6f1c2c7b8034d000/image_nwf4g9.png,images/event-types/booking-frequency-1.png,booking-frequency
https://storage.crisp.chat/users/helpdesk/website/-/6/f/1/c/6f1c2c7b8034d000/image_13rt5i3.png,images/event-types/first-slot-only-1.png,first-slot-only
https://storage.crisp.chat/users/helpdesk/website/-/6/f/1/c/6f1c2c7b8034d000/image_1qb8ipl.png,images/event-types/total-duration-1.png,total-duration
https://storage.crisp.chat/users/helpdesk/website/-/6/f/1/c/6f1c2c7b8034d000/image_v89c46.png,images/event-types/booker-limit-1.png,booker-limit
https://storage.crisp.chat/users/helpdesk/website/-/6/f/1/c/6f1c2c7b8034d000/image_t01la2.png,images/event-types/booker-limit-2.png,booker-limit
https://storage.crisp.chat/users/helpdesk/website/-/6/f/1/c/6f1c2c7b8034d000/image_1e9g84x.png,images/event-types/future-booking-1.png,future-booking
https://storage.crisp.chat/users/helpdesk/website/-/6/f/1/c/6f1c2c7b8034d000/image_1332nj6.png,images/event-types/future-booking-2.png,future-booking
https://storage.crisp.chat/users/helpdesk/website/-/6/f/1/c/6f1c2c7b8034d000/image_agrki5.png,images/event-types/pre-booking-questions-1.png,pre-booking-questions
https://storage.crisp.chat/users/helpdesk/website/-/6/f/1/c/6f1c2c7b8034d000/image_1mwovqu.png,images/event-types/pre-booking-questions-2.png,pre-booking-questions
https://storage.crisp.chat/users/helpdesk/website/-/6/f/1/c/6f1c2c7b8034d000/image_1dkkszo.png,images/event-types/pre-booking-questions-3.png,pre-booking-questions
https://storage.crisp.chat/users/helpdesk/website/-/6/f/1/c/6f1c2c7b8034d000/image_1cx6sb2.png,images/event-types/pre-booking-questions-4.png,pre-booking-questions
https://storage.crisp.chat/users/helpdesk/website/-/6/f/1/c/6f1c2c7b8034d000/image_supeib.png,images/event-types/pre-booking-questions-5.png,pre-booking-questions
https://storage.crisp.chat/users/helpdesk/website/-/6/f/1/c/6f1c2c7b8034d000/image_un752h.png,images/event-types/pre-booking-questions-6.png,pre-booking-questions
https://storage.crisp.chat/users/helpdesk/website/-/6/f/1/c/6f1c2c7b8034d000/image_1qeob0b.png,images/event-types/hide-prefill-1.png,hide-prefill
https://storage.crisp.chat/users/helpdesk/website/-/6/f/1/c/6f1c2c7b8034d000/image_op2hlp.png,images/event-types/hide-prefill-2.png,hide-prefill
https://storage.crisp.chat/users/helpdesk/website/-/6/f/1/c/6f1c2c7b8034d000/image_1yjsf11.png,images/event-types/hide-prefill-3.png,hide-prefill
https://storage.crisp.chat/users/helpdesk/website/-/6/f/1/c/6f1c2c7b8034d000/image_udqk0z.png,images/event-types/hide-prefill-4.png,hide-prefill
https://storage.crisp.chat/users/helpdesk/website/-/6/f/1/c/6f1c2c7b8034d000/image_dzd7ql.png,images/event-types/hide-prefill-5.png,hide-prefill
https://storage.crisp.chat/users/helpdesk/website/-/6/f/1/c/6f1c2c7b8034d000/image_1ifit3j.png,images/event-types/email-domains-1.png,email-domains
https://storage.crisp.chat/users/helpdesk/website/-/6/f/1/c/6f1c2c7b8034d000/image_5rn65c.png,images/event-types/email-domains-2.png,email-domains
https://storage.crisp.chat/users/helpdesk/website/-/6/f/1/c/6f1c2c7b8034d000/image_uquf2g.png,images/event-types/email-domains-3.png,email-domains
https://storage.crisp.chat/users/helpdesk/website/-/6/f/1/c/6f1c2c7b8034d000/image_wxujgj.png,images/event-types/email-domains-4.png,email-domains
https://storage.crisp.chat/users/helpdesk/website/-/6/f/1/c/6f1c2c7b8034d000/image_qqpt5b.png,images/event-types/attachments-1.png,attachments
https://storage.crisp.chat/users/helpdesk/website/-/6/f/1/c/6f1c2c7b8034d000/image_12hlf6d.png,images/event-types/attachments-2.png,attachments
https://storage.crisp.chat/users/helpdesk/website/-/6/f/1/c/6f1c2c7b8034d000/image_1f6rcwu.png,images/event-types/attachments-3.png,attachments
https://storage.crisp.chat/users/helpdesk/website/-/6/f/1/c/6f1c2c7b8034d000/image_1vhoffh.png,images/event-types/attachments-4.png,attachments
https://storage.crisp.chat/users/helpdesk/website/-/6/f/1/c/6f1c2c7b8034d000/image_1getml7.png,images/event-types/attachments-5.png,attachments
https://storage.crisp.chat/users/helpdesk/website/-/6/f/1/c/6f1c2c7b8034d000/image_pgiqwe.png,images/event-types/attachments-6.png,attachments
https://storage.crisp.chat/users/helpdesk/website/-/6/f/1/c/6f1c2c7b8034d000/image_e3s9lt.png,images/event-types/phone-only-1.png,phone-only
https://storage.crisp.chat/users/helpdesk/website/-/6/f/1/c/6f1c2c7b8034d000/image_7kc8y5.png,images/event-types/phone-only-2.png,phone-only
https://storage.crisp.chat/users/helpdesk/website/-/6/f/1/c/6f1c2c7b8034d000/image_nwcqtq.png,images/event-types/split-name-1.png,split-name
https://storage.crisp.chat/users/helpdesk/website/-/6/f/1/c/6f1c2c7b8034d000/image_1wosle8.png,images/event-types/split-name-2.png,split-name
https://storage.crisp.chat/users/helpdesk/website/-/6/f/1/c/6f1c2c7b8034d000/image_t8g5xi.png,images/event-types/split-name-3.png,split-name
https://storage.crisp.chat/users/helpdesk/website/-/6/f/1/c/6f1c2c7b8034d000/image_ea0oyo.png,images/event-types/split-name-4.png,split-name
https://storage.crisp.chat/users/helpdesk/website/-/6/f/1/c/6f1c2c7b8034d000/image_484bd.png,images/event-types/verify-email-1.png,verify-email
https://storage.crisp.chat/users/helpdesk/website/-/6/f/1/c/6f1c2c7b8034d000/image_i27tbi.png,images/event-types/captcha-1.png,captcha
https://storage.crisp.chat/users/helpdesk/website/-/6/f/1/c/6f1c2c7b8034d000/image_8o7bhb.png,images/event-types/captcha-2.png,captcha
https://storage.crisp.chat/users/helpdesk/website/-/6/f/1/c/6f1c2c7b8034d000/image_73jbgg.png,images/event-types/disable-guests-1.png,disable-guests
