https://storage.crisp.chat/users/helpdesk/website/-/6/f/1/c/6f1c2c7b8034d000/image_1f5605n.png,images/apps/google-calendar-1.png,google-calendar
https://storage.crisp.chat/users/helpdesk/website/-/6/f/1/c/6f1c2c7b8034d000/image_20ndp5.png,images/apps/google-calendar-2.png,google-calendar
https://storage.crisp.chat/users/helpdesk/website/-/6/f/1/c/6f1c2c7b8034d000/image_1y96mf.png,images/apps/apple-calendar-1.png,apple-calendar
https://storage.crisp.chat/users/helpdesk/website/-/6/f/1/c/6f1c2c7b8034d000/image_13hm5kd.png,images/apps/apple-calendar-2.png,apple-calendar
https://storage.crisp.chat/users/helpdesk/website/-/6/f/1/c/6f1c2c7b8034d000/image_1yrfwtw.png,images/apps/apple-calendar-3.png,apple-calendar
https://storage.crisp.chat/users/helpdesk/website/-/6/f/1/c/6f1c2c7b8034d000/image_1n6ub23.png,images/apps/apple-calendar-4.png,apple-calendar
https://storage.crisp.chat/users/helpdesk/website/-/6/f/1/c/6f1c2c7b8034d000/image_14r3cnq.png,images/apps/apple-calendar-5.png,apple-calendar
https://storage.crisp.chat/users/helpdesk/website/-/6/f/1/c/6f1c2c7b8034d000/image_17imlwz.png,images/apps/apple-calendar-6.png,apple-calendar
https://storage.crisp.chat/users/helpdesk/website/-/6/f/1/c/6f1c2c7b8034d000/image_h3aq02.png,images/apps/zoom-1.png,zoom
https://storage.crisp.chat/users/helpdesk/website/-/6/f/1/c/6f1c2c7b8034d000/image_1tgyzip.png,images/apps/zoom-2.png,zoom
https://storage.crisp.chat/users/helpdesk/website/-/6/f/1/c/6f1c2c7b8034d000/image_ly6hqd.png,images/apps/zoom-3.png,zoom
https://storage.crisp.chat/users/helpdesk/website/-/6/f/1/c/6f1c2c7b8034d000/image_1b19ghy.png,images/apps/zoom-4.png,zoom
https://storage.crisp.chat/users/helpdesk/website/-/6/f/1/c/6f1c2c7b8034d000/image_medkr1.png,images/apps/zoom-5.png,zoom
https://storage.crisp.chat/users/helpdesk/website/-/6/f/1/c/6f1c2c7b8034d000/image_uer4et.png,images/apps/stripe-1.png,stripe
https://storage.crisp.chat/users/helpdesk/website/-/6/f/1/c/6f1c2c7b8034d000/image_1rae54v.png,images/apps/razorpay-1.png,razorpay
https://storage.crisp.chat/users/helpdesk/website/-/6/f/1/c/6f1c2c7b8034d000/image_15e8e89.png,images/apps/razorpay-2.png,razorpay
https://storage.crisp.chat/users/helpdesk/website/-/6/f/1/c/6f1c2c7b8034d000/image_17ebugo.png,images/apps/razorpay-3.png,razorpay
https://storage.crisp.chat/users/helpdesk/website/-/6/f/1/c/6f1c2c7b8034d000/image_1yr0wz2.png,images/apps/razorpay-4.png,razorpay
https://storage.crisp.chat/users/helpdesk/website/-/6/f/1/c/6f1c2c7b8034d000/image_le7kgy.png,images/apps/razorpay-5.png,razorpay
https://storage.crisp.chat/users/helpdesk/website/-/6/f/1/c/6f1c2c7b8034d000/image_vwcgr1.png,images/apps/razorpay-6.png,razorpay
https://storage.crisp.chat/users/helpdesk/website/-/6/f/1/c/6f1c2c7b8034d000/image_ofk7w.png,images/apps/paypal-1.png,paypal
https://storage.crisp.chat/users/helpdesk/website/-/6/f/1/c/6f1c2c7b8034d000/image_yvrnzh.png,images/apps/paypal-2.png,paypal
https://storage.crisp.chat/users/helpdesk/website/-/6/f/1/c/6f1c2c7b8034d000/image_1jt35q2.png,images/apps/paypal-3.png,paypal
https://storage.crisp.chat/users/helpdesk/website/-/6/f/1/c/6f1c2c7b8034d000/image_g394rr.png,images/apps/paypal-4.png,paypal
https://storage.crisp.chat/users/helpdesk/website/-/6/f/1/c/6f1c2c7b8034d000/image_2i7uzw.png,images/apps/paypal-5.png,paypal
https://storage.crisp.chat/users/helpdesk/website/-/6/f/1/c/6f1c2c7b8034d000/image_x8je5f.png,images/apps/make-1.png,make
https://storage.crisp.chat/users/helpdesk/website/-/6/f/1/c/6f1c2c7b8034d000/image_a583r0.png,images/apps/make-2.png,make
https://storage.crisp.chat/users/helpdesk/website/-/6/f/1/c/6f1c2c7b8034d000/image_11pgr8o.png,images/apps/make-3.png,make
https://storage.crisp.chat/users/helpdesk/website/-/6/f/1/c/6f1c2c7b8034d000/image_7kuxqa.png,images/apps/make-4.png,make
https://storage.crisp.chat/users/helpdesk/website/-/6/f/1/c/6f1c2c7b8034d000/image_1txcdqe.png,images/apps/make-5.png,make
https://storage.crisp.chat/users/helpdesk/website/-/6/f/1/c/6f1c2c7b8034d000/image_1t2fugh.png,images/apps/make-6.png,make
https://storage.crisp.chat/users/helpdesk/website/-/6/f/1/c/6f1c2c7b8034d000/image_htvsup.png,images/apps/make-7.png,make
https://storage.crisp.chat/users/helpdesk/website/-/6/f/1/c/6f1c2c7b8034d000/image_pm6lf8.png,images/apps/make-8.png,make
https://storage.crisp.chat/users/helpdesk/website/-/6/f/1/c/6f1c2c7b8034d000/image_1a8krl3.png,images/apps/pabbly-1.png,pabbly
https://storage.crisp.chat/users/helpdesk/website/-/6/f/1/c/6f1c2c7b8034d000/image_1omaajh.png,images/apps/pabbly-2.png,pabbly
https://storage.crisp.chat/users/helpdesk/website/-/6/f/1/c/6f1c2c7b8034d000/image_1s3gza.png,images/apps/pabbly-3.png,pabbly
https://storage.crisp.chat/users/helpdesk/website/-/6/f/1/c/6f1c2c7b8034d000/image_1h8a8je.png,images/apps/pabbly-4.png,pabbly
https://storage.crisp.chat/users/helpdesk/website/-/6/f/1/c/6f1c2c7b8034d000/image_yxzd2l.png,images/apps/pabbly-5.png,pabbly
https://storage.crisp.chat/users/helpdesk/website/-/6/f/1/c/6f1c2c7b8034d000/image_cd22su.png,images/apps/pabbly-6.png,pabbly
https://storage.crisp.chat/users/helpdesk/website/-/6/f/1/c/6f1c2c7b8034d000/image_o2tx6l.png,images/apps/pabbly-7.png,pabbly
https://storage.crisp.chat/users/helpdesk/website/-/6/f/1/c/6f1c2c7b8034d000/image_1aptf2y.png,images/apps/pabbly-8.png,pabbly
https://storage.crisp.chat/users/helpdesk/website/-/6/f/1/c/6f1c2c7b8034d000/image_1dfj2nc.png,images/apps/pabbly-9.png,pabbly
https://storage.crisp.chat/users/helpdesk/website/-/6/f/1/c/6f1c2c7b8034d000/image_z9ikq2.png,images/apps/pabbly-10.png,pabbly
https://storage.crisp.chat/users/helpdesk/website/-/6/f/1/c/6f1c2c7b8034d000/image_1lhm542.png,images/apps/pabbly-11.png,pabbly
https://storage.crisp.chat/users/helpdesk/website/-/6/f/1/c/6f1c2c7b8034d000/image_1gv3g1s.png,images/apps/pabbly-12.png,pabbly
https://storage.crisp.chat/users/helpdesk/website/-/6/f/1/c/6f1c2c7b8034d000/image_zqb9oc.png,images/apps/pabbly-13.png,pabbly
https://storage.crisp.chat/users/helpdesk/website/-/6/f/1/c/6f1c2c7b8034d000/image_xt5fe3.png,images/apps/pabbly-14.png,pabbly
https://storage.crisp.chat/users/helpdesk/website/-/6/f/1/c/6f1c2c7b8034d000/image_scuwbf.png,images/apps/pabbly-15.png,pabbly
https://storage.crisp.chat/users/helpdesk/website/-/6/f/1/c/6f1c2c7b8034d000/image_fz4nm8.png,images/apps/slack-1.png,slack
https://storage.crisp.chat/users/helpdesk/website/-/6/f/1/c/6f1c2c7b8034d000/image_1206ijx.png,images/apps/google-analytics-1.png,google-analytics
https://storage.crisp.chat/users/helpdesk/website/-/6/f/1/c/6f1c2c7b8034d000/image_q68n29.png,images/apps/google-analytics-2.png,google-analytics
https://storage.crisp.chat/users/helpdesk/website/-/6/f/1/c/6f1c2c7b8034d000/image_yem785.png,images/apps/google-analytics-3.png,google-analytics
https://storage.crisp.chat/users/helpdesk/website/-/6/f/1/c/6f1c2c7b8034d000/image_1esut3w.png,images/apps/google-analytics-4.png,google-analytics
https://storage.crisp.chat/users/helpdesk/website/-/6/f/1/c/6f1c2c7b8034d000/image_1ydk9an.png,images/apps/google-analytics-5.png,google-analytics
https://storage.crisp.chat/users/helpdesk/website/-/6/f/1/c/6f1c2c7b8034d000/image_18olcwz.png,images/apps/google-analytics-6.png,google-analytics
https://storage.crisp.chat/users/helpdesk/website/-/6/f/1/c/6f1c2c7b8034d000/image_kusn7r.png,images/apps/google-analytics-7.png,google-analytics
https://storage.crisp.chat/users/helpdesk/website/-/6/f/1/c/6f1c2c7b8034d000/image_1x9hpe0.png,images/apps/google-analytics-8.png,google-analytics
https://storage.crisp.chat/users/helpdesk/website/-/6/f/1/c/6f1c2c7b8034d000/image_hwbcv9.png,images/apps/google-analytics-9.png,google-analytics
https://storage.crisp.chat/users/helpdesk/website/-/6/f/1/c/6f1c2c7b8034d000/image_7yon95.png,images/apps/google-analytics-10.png,google-analytics
https://storage.crisp.chat/users/helpdesk/website/-/6/f/1/c/6f1c2c7b8034d000/image_16ibwl1.png,images/apps/google-analytics-11.png,google-analytics
https://storage.crisp.chat/users/helpdesk/website/-/6/f/1/c/6f1c2c7b8034d000/image_dkyfa6.png,images/apps/google-analytics-12.png,google-analytics
https://storage.crisp.chat/users/helpdesk/website/-/6/f/1/c/6f1c2c7b8034d000/image_147b34x.png,images/apps/google-analytics-13.png,google-analytics
https://storage.crisp.chat/users/helpdesk/website/-/6/f/1/c/6f1c2c7b8034d000/image_tp948h.png,images/apps/app-store-1.png,app-store
https://storage.crisp.chat/users/helpdesk/website/-/6/f/1/c/6f1c2c7b8034d000/image_5tn27z.png,images/apps/app-store-2.png,app-store
https://storage.crisp.chat/users/helpdesk/website/-/6/f/1/c/6f1c2c7b8034d000/image_16gk7rs.png,images/apps/app-store-3.png,app-store
https://storage.crisp.chat/users/helpdesk/website/-/6/f/1/c/6f1c2c7b8034d000/image_1f56hc0.png,images/apps/app-store-4.png,app-store
https://storage.crisp.chat/users/helpdesk/website/-/6/f/1/c/6f1c2c7b8034d000/image_ld308u.png,images/apps/install-app-1.png,install-app
https://storage.crisp.chat/users/helpdesk/website/-/6/f/1/c/6f1c2c7b8034d000/image_ae4izc.png,images/apps/manage-installed-1.png,manage-installed
https://storage.crisp.chat/users/helpdesk/website/-/6/f/1/c/6f1c2c7b8034d000/image_1tezvpf.png,images/apps/manage-installed-2.png,manage-installed
