https://storage.crisp.chat/users/helpdesk/website/-/6/f/1/c/6f1c2c7b8034d000/image_1uf9mfv.png,images/appearance/appearance-1.png,appearance
https://storage.crisp.chat/users/helpdesk/website/-/6/f/1/c/6f1c2c7b8034d000/image_1keg2b5.png,images/appearance/appearance-2.png,appearance
https://storage.crisp.chat/users/helpdesk/website/-/6/f/1/c/6f1c2c7b8034d000/image_ah1kev.png,images/appearance/appearance-3.png,appearance
https://storage.crisp.chat/users/helpdesk/website/-/6/f/1/c/6f1c2c7b8034d000/image_1d7c1d3.png,images/appearance/appearance-4.png,appearance
https://storage.crisp.chat/users/helpdesk/website/-/6/f/1/c/6f1c2c7b8034d000/image_3n6bel.png,images/appearance/appearance-5.png,appearance
https://storage.crisp.chat/users/helpdesk/website/-/6/f/1/c/6f1c2c7b8034d000/image_1sftzxr.png,images/appearance/appearance-6.png,appearance
https://storage.crisp.chat/users/helpdesk/website/-/6/f/1/c/6f1c2c7b8034d000/image_1s7el58.png,images/appearance/appearance-7.png,appearance
https://storage.crisp.chat/users/helpdesk/website/-/6/f/1/c/6f1c2c7b8034d000/image_vk8128.png,images/appearance/appearance-8.png,appearance
https://storage.crisp.chat/users/helpdesk/website/-/6/f/1/c/6f1c2c7b8034d000/image_5418ro.png,images/appearance/appearance-9.png,appearance
https://storage.crisp.chat/users/helpdesk/website/-/6/f/1/c/6f1c2c7b8034d000/image_160s1j5.png,images/appearance/appearance-10.png,appearance
https://storage.crisp.chat/users/helpdesk/website/-/6/f/1/c/6f1c2c7b8034d000/image_1n0lcog.png,images/appearance/appearance-11.png,appearance
https://storage.crisp.chat/users/helpdesk/website/-/6/f/1/c/6f1c2c7b8034d000/image_1rnnhnf.png,images/appearance/team-appearance-1.png,team-appearance
https://storage.crisp.chat/users/helpdesk/website/-/6/f/1/c/6f1c2c7b8034d000/image_qdwhsg.png,images/appearance/team-appearance-2.png,team-appearance
https://storage.crisp.chat/users/helpdesk/website/-/6/f/1/c/6f1c2c7b8034d000/image_kw0d9j.png,images/appearance/team-appearance-3.png,team-appearance
https://storage.crisp.chat/users/helpdesk/website/-/6/f/1/c/6f1c2c7b8034d000/image_1pq8tea.png,images/appearance/team-appearance-4.png,team-appearance
https://storage.crisp.chat/users/helpdesk/website/-/6/f/1/c/6f1c2c7b8034d000/image_1dfhhh4.png,images/appearance/team-appearance-5.png,team-appearance
https://storage.crisp.chat/users/helpdesk/website/-/6/f/1/c/6f1c2c7b8034d000/image_x5lddi.png,images/appearance/team-appearance-6.png,team-appearance
https://storage.crisp.chat/users/helpdesk/website/-/6/f/1/c/6f1c2c7b8034d000/image_6uiv9e.png,images/branding/personal-1.png,personal
https://storage.crisp.chat/users/helpdesk/website/-/6/f/1/c/6f1c2c7b8034d000/image_10baqvd.png,images/branding/personal-2.png,personal
https://storage.crisp.chat/users/helpdesk/website/-/6/f/1/c/6f1c2c7b8034d000/image_19q4md.png,images/branding/personal-3.png,personal
https://storage.crisp.chat/users/helpdesk/website/-/6/f/1/c/6f1c2c7b8034d000/image_jepryp.png,images/branding/personal-4.png,personal
https://storage.crisp.chat/users/helpdesk/website/-/6/f/1/c/6f1c2c7b8034d000/image_15z0kbq.png,images/branding/teams-1.png,teams
https://storage.crisp.chat/users/helpdesk/website/-/6/f/1/c/6f1c2c7b8034d000/image_14oxdcf.png,images/branding/teams-2.png,teams
https://storage.crisp.chat/users/helpdesk/website/-/6/f/1/c/6f1c2c7b8034d000/image_179cej.png,images/branding/teams-3.png,teams
https://storage.crisp.chat/users/helpdesk/website/-/6/f/1/c/6f1c2c7b8034d000/image_1istzze.png,images/branding/teams-4.png,teams
https://storage.crisp.chat/users/helpdesk/website/-/6/f/1/c/6f1c2c7b8034d000/image_jepryp.png,images/branding/teams-5.png,teams
https://storage.crisp.chat/users/helpdesk/website/-/6/f/1/c/6f1c2c7b8034d000/image_1v1n6jj.png,images/branding/banner-1.png,banner
https://storage.crisp.chat/users/helpdesk/website/-/6/f/1/c/6f1c2c7b8034d000/image_1fkdtdd.png,images/branding/banner-2.png,banner
https://storage.crisp.chat/users/helpdesk/website/-/6/f/1/c/6f1c2c7b8034d000/image_15z0kbq.png,images/branding/banner-team-1.png,banner-team
https://storage.crisp.chat/users/helpdesk/website/-/6/f/1/c/6f1c2c7b8034d000/image_14oxdcf.png,images/branding/banner-team-2.png,banner-team
https://storage.crisp.chat/users/helpdesk/website/-/6/f/1/c/6f1c2c7b8034d000/image_49t9e.png,images/branding/banner-team-3.png,banner-team
https://storage.crisp.chat/users/helpdesk/website/-/6/f/1/c/6f1c2c7b8034d000/image_1l2adye.png,images/branding/social-profiles-1.png,social-profiles
https://storage.crisp.chat/users/helpdesk/website/-/6/f/1/c/6f1c2c7b8034d000/image_k1coxk.png,images/branding/social-profiles-2.png,social-profiles
https://storage.crisp.chat/users/helpdesk/website/-/6/f/1/c/6f1c2c7b8034d000/image_5kkgpq.png,images/branding/social-profiles-3.png,social-profiles
https://storage.crisp.chat/users/helpdesk/website/-/6/f/1/c/6f1c2c7b8034d000/image_1ouelcw.png,images/branding/brand-colors-1.png,brand-colors
https://storage.crisp.chat/users/helpdesk/website/-/6/f/1/c/6f1c2c7b8034d000/image_1fbaruk.png,images/branding/brand-colors-2.png,brand-colors
https://storage.crisp.chat/users/helpdesk/website/-/6/f/1/c/6f1c2c7b8034d000/image_1u8psdk.png,images/branding/brand-colors-3.png,brand-colors
https://storage.crisp.chat/users/helpdesk/website/-/6/f/1/c/6f1c2c7b8034d000/image_9fxket.png,images/branding/brand-colors-4.png,brand-colors
https://storage.crisp.chat/users/helpdesk/website/-/6/f/1/c/6f1c2c7b8034d000/image_lj3yya.png,images/branding/brand-colors-5.png,brand-colors
https://storage.crisp.chat/users/helpdesk/website/-/6/f/1/c/6f1c2c7b8034d000/image_15z0kbq.png,images/branding/brand-colors-team-1.png,brand-colors-team
https://storage.crisp.chat/users/helpdesk/website/-/6/f/1/c/6f1c2c7b8034d000/image_14oxdcf.png,images/branding/brand-colors-team-2.png,brand-colors-team
https://storage.crisp.chat/users/helpdesk/website/-/6/f/1/c/6f1c2c7b8034d000/image_mn3w10.png,images/branding/brand-colors-team-3.png,brand-colors-team
https://storage.crisp.chat/users/helpdesk/website/-/6/f/1/c/6f1c2c7b8034d000/image_139rq7j.png,images/branding/brand-colors-team-4.png,brand-colors-team
https://storage.crisp.chat/users/helpdesk/website/-/6/f/1/c/6f1c2c7b8034d000/image_4a4rw6.png,images/branding/brand-colors-team-5.png,brand-colors-team
https://storage.crisp.chat/users/helpdesk/website/-/6/f/1/c/6f1c2c7b8034d000/image_1xvqu7x.png,images/branding/brand-colors-team-6.png,brand-colors-team
https://storage.crisp.chat/users/helpdesk/website/-/6/f/1/c/6f1c2c7b8034d000/image_530dh6.png,images/branding/brand-colors-team-7.png,brand-colors-team
https://storage.crisp.chat/users/helpdesk/website/-/6/f/1/c/6f1c2c7b8034d000/image_4nmz93.png,images/branding/logo-favicon-1.png,logo-favicon
https://storage.crisp.chat/users/helpdesk/website/-/6/f/1/c/6f1c2c7b8034d000/image_1jqq4zg.png,images/branding/logo-favicon-2.png,logo-favicon
https://storage.crisp.chat/users/helpdesk/website/-/6/f/1/c/6f1c2c7b8034d000/image_1pa5602.png,images/branding/logo-favicon-3.png,logo-favicon
https://storage.crisp.chat/users/helpdesk/website/-/6/f/1/c/6f1c2c7b8034d000/image_ott7s7.png,images/branding/logo-favicon-4.png,logo-favicon
https://storage.crisp.chat/users/helpdesk/website/-/6/f/1/c/6f1c2c7b8034d000/image_159bp9q.png,images/branding/logo-favicon-5.png,logo-favicon
https://storage.crisp.chat/users/helpdesk/website/-/6/f/1/c/6f1c2c7b8034d000/image_134s2c5.png,images/branding/logo-favicon-team-1.png,logo-favicon-team
https://storage.crisp.chat/users/helpdesk/website/-/6/f/1/c/6f1c2c7b8034d000/image_gdhayc.png,images/branding/logo-favicon-team-2.png,logo-favicon-team
https://storage.crisp.chat/users/helpdesk/website/-/6/f/1/c/6f1c2c7b8034d000/image_z46tzw.png,images/branding/logo-favicon-team-3.png,logo-favicon-team
https://storage.crisp.chat/users/helpdesk/website/-/6/f/1/c/6f1c2c7b8034d000/image_186ijdy.png,images/branding/logo-favicon-team-4.png,logo-favicon-team
https://storage.crisp.chat/users/helpdesk/website/-/6/f/1/c/6f1c2c7b8034d000/image_17jvwa3.png,images/branding/logo-favicon-team-5.png,logo-favicon-team
https://storage.crisp.chat/users/helpdesk/website/-/6/f/1/c/6f1c2c7b8034d000/image_1depktw.png,images/branding/logo-favicon-team-6.png,logo-favicon-team
https://storage.crisp.chat/users/helpdesk/website/-/6/f/1/c/6f1c2c7b8034d000/image_692j1d.png,images/branding/logo-favicon-team-7.png,logo-favicon-team
