https://storage.crisp.chat/users/helpdesk/website/-/6/f/1/c/6f1c2c7b8034d000/image_12kdqzg.png,images/event-types/group-events-1.png,group-events
https://storage.crisp.chat/users/helpdesk/website/-/6/f/1/c/6f1c2c7b8034d000/image_x6ub97.png,images/event-types/group-events-2.png,group-events
https://storage.crisp.chat/users/helpdesk/website/-/6/f/1/c/6f1c2c7b8034d000/image_tc1c1p.png,images/event-types/group-events-3.png,group-events
https://storage.crisp.chat/users/helpdesk/website/-/6/f/1/c/6f1c2c7b8034d000/image_13yno8t.png,images/event-types/group-events-4.png,group-events
https://storage.crisp.chat/users/helpdesk/website/-/6/f/1/c/6f1c2c7b8034d000/image_l35gg1.png,images/event-types/recurring-1.png,recurring
https://storage.crisp.chat/users/helpdesk/website/-/6/f/1/c/6f1c2c7b8034d000/image_1nmrfjk.png,images/event-types/recurring-2.png,recurring
https://storage.crisp.chat/users/helpdesk/website/-/6/f/1/c/6f1c2c7b8034d000/image_iwm4m5.png,images/event-types/recurring-3.png,recurring
https://storage.crisp.chat/users/helpdesk/website/-/6/f/1/c/6f1c2c7b8034d000/image_z9sh4b.png,images/event-types/recurring-4.png,recurring
https://storage.crisp.chat/users/helpdesk/website/-/6/f/1/c/6f1c2c7b8034d000/image_14qqfiw.png,images/event-types/recurring-5.png,recurring
https://storage.crisp.chat/users/helpdesk/website/-/6/f/1/c/6f1c2c7b8034d000/image_hboy6g.png,images/event-types/recurring-6.png,recurring
https://storage.crisp.chat/users/helpdesk/website/-/6/f/1/c/6f1c2c7b8034d000/image_1trtb01.png,images/event-types/recurring-7.png,recurring
https://storage.crisp.chat/users/helpdesk/website/-/6/f/1/c/6f1c2c7b8034d000/image_1oxfetj.png,images/event-types/recurring-8.png,recurring
https://storage.crisp.chat/users/helpdesk/website/-/6/f/1/c/6f1c2c7b8034d000/image_icfpia.png,images/event-types/recurring-9.png,recurring
https://storage.crisp.chat/users/helpdesk/website/-/6/f/1/c/6f1c2c7b8034d000/image_y5ooh.png,images/event-types/recurring-10.png,recurring
https://storage.crisp.chat/users/helpdesk/website/-/6/f/1/c/6f1c2c7b8034d000/image_y1dgtm.png,images/event-types/recurring-11.png,recurring
https://storage.crisp.chat/users/helpdesk/website/-/6/f/1/c/6f1c2c7b8034d000/image_1vfihjg.png,images/event-types/recurring-12.png,recurring
https://storage.crisp.chat/users/helpdesk/website/-/6/f/1/c/6f1c2c7b8034d000/image_perjy0.png,images/event-types/recurring-13.png,recurring
https://storage.crisp.chat/users/helpdesk/website/-/6/f/1/c/6f1c2c7b8034d000/image_t1mgqk.png,images/event-types/embed-1.png,embed
https://storage.crisp.chat/users/helpdesk/website/-/6/f/1/c/6f1c2c7b8034d000/image_emb9zr.png,images/event-types/embed-2.png,embed
https://storage.crisp.chat/users/helpdesk/website/-/6/f/1/c/6f1c2c7b8034d000/image_9a8n16.png,images/event-types/embed-3.png,embed
https://storage.crisp.chat/users/helpdesk/website/-/6/f/1/c/6f1c2c7b8034d000/image_1d7rfdf.png,images/event-types/embed-4.png,embed
https://storage.crisp.chat/users/helpdesk/website/-/6/f/1/c/6f1c2c7b8034d000/image_iu5gae.png,images/event-types/event-webhooks-1.png,event-webhooks
https://storage.crisp.chat/users/helpdesk/website/-/6/f/1/c/6f1c2c7b8034d000/image_1mg5ur.png,images/event-types/event-webhooks-2.png,event-webhooks
https://storage.crisp.chat/users/helpdesk/website/-/6/f/1/c/6f1c2c7b8034d000/image_1t3fqxb.png,images/event-types/event-webhooks-3.png,event-webhooks
https://storage.crisp.chat/users/helpdesk/website/-/6/f/1/c/6f1c2c7b8034d000/image_d7otae.png,images/event-types/event-webhooks-4.png,event-webhooks
https://storage.crisp.chat/users/helpdesk/website/-/6/f/1/c/6f1c2c7b8034d000/image_1jq1zr0.png,images/event-types/enable-apps-1.png,enable-apps
https://storage.crisp.chat/users/helpdesk/website/-/6/f/1/c/6f1c2c7b8034d000/image_1ycdgrh.png,images/availability/create-1.png,create
https://storage.crisp.chat/users/helpdesk/website/-/6/f/1/c/6f1c2c7b8034d000/image_1todnmc.png,images/availability/create-2.png,create
https://storage.crisp.chat/users/helpdesk/website/-/6/f/1/c/6f1c2c7b8034d000/image_41fom6.png,images/availability/create-3.png,create
https://storage.crisp.chat/users/helpdesk/website/-/6/f/1/c/6f1c2c7b8034d000/image_9bjxo5.png,images/availability/multiple-schedules-1.png,multiple-schedules
https://storage.crisp.chat/users/helpdesk/website/-/6/f/1/c/6f1c2c7b8034d000/image_opsxxy.png,images/availability/multiple-time-slots-1.png,multiple-time-slots
https://storage.crisp.chat/users/helpdesk/website/-/6/f/1/c/6f1c2c7b8034d000/image_17od76p.png,images/availability/date-overrides-1.png,date-overrides
https://storage.crisp.chat/users/helpdesk/website/-/6/f/1/c/6f1c2c7b8034d000/image_15myjh1.png,images/availability/date-overrides-2.png,date-overrides
https://storage.crisp.chat/users/helpdesk/website/-/6/f/1/c/6f1c2c7b8034d000/image_1cwhc8z.png,images/availability/out-of-office-1.png,out-of-office
https://storage.crisp.chat/users/helpdesk/website/-/6/f/1/c/6f1c2c7b8034d000/image_j1vgzf.png,images/availability/out-of-office-2.png,out-of-office
https://storage.crisp.chat/users/helpdesk/website/-/6/f/1/c/6f1c2c7b8034d000/image_aukti6.png,images/availability/out-of-office-3.png,out-of-office
https://storage.crisp.chat/users/helpdesk/website/-/6/f/1/c/6f1c2c7b8034d000/image_j6jzwa.png,images/availability/out-of-office-4.png,out-of-office
https://storage.crisp.chat/users/helpdesk/website/-/6/f/1/c/6f1c2c7b8034d000/image_168jak0.png,images/availability/out-of-office-5.png,out-of-office
https://storage.crisp.chat/users/helpdesk/website/-/6/f/1/c/6f1c2c7b8034d000/image_1821fjv.png,images/availability/out-of-office-6.png,out-of-office
https://storage.crisp.chat/users/helpdesk/website/-/6/f/1/c/6f1c2c7b8034d000/image_9g3sg1.png,images/availability/team-availability-1.png,team-availability
https://storage.crisp.chat/users/helpdesk/website/-/6/f/1/c/6f1c2c7b8034d000/image_4150ix.png,images/bookings/no-show-1.png,no-show
https://storage.crisp.chat/users/helpdesk/website/-/6/f/1/c/6f1c2c7b8034d000/image_1ptt8ih.png,images/bookings/no-show-2.png,no-show
https://storage.crisp.chat/users/helpdesk/website/-/6/f/1/c/6f1c2c7b8034d000/image_ihkwpf.png,images/bookings/no-show-3.png,no-show
https://storage.crisp.chat/users/helpdesk/website/-/6/f/1/c/6f1c2c7b8034d000/image_13fppk9.png,images/bookings/workflow-status-1.png,workflow-status
https://storage.crisp.chat/users/helpdesk/website/-/6/f/1/c/6f1c2c7b8034d000/image_tp5dof.png,images/bookings/workflow-status-2.png,workflow-status
https://storage.crisp.chat/users/helpdesk/website/-/6/f/1/c/6f1c2c7b8034d000/image_1049g41.png,images/bookings/workflow-status-3.png,workflow-status
https://storage.crisp.chat/users/helpdesk/website/-/6/f/1/c/6f1c2c7b8034d000/image_18xxylx.png,images/bookings/workflow-status-4.png,workflow-status
https://storage.crisp.chat/users/helpdesk/website/-/6/f/1/c/6f1c2c7b8034d000/image_umc9d5.png,images/bookings/workflow-status-5.png,workflow-status
https://storage.crisp.chat/users/helpdesk/website/-/6/f/1/c/6f1c2c7b8034d000/image_1xu2zeo.png,images/bookings/workflow-status-6.png,workflow-status
https://storage.crisp.chat/users/helpdesk/website/-/6/f/1/c/6f1c2c7b8034d000/image_15c1vga.png,images/bookings/workflow-status-7.png,workflow-status
https://storage.crisp.chat/users/helpdesk/website/-/6/f/1/c/6f1c2c7b8034d000/image_ejx69t.png,images/routing/routing-forms-1.png,routing-forms
https://storage.crisp.chat/users/helpdesk/website/-/6/f/1/c/6f1c2c7b8034d000/image_1n5l3kg.png,images/routing/routing-forms-2.png,routing-forms
https://storage.crisp.chat/users/helpdesk/website/-/6/f/1/c/6f1c2c7b8034d000/image_iey2oj.png,images/routing/routing-forms-3.png,routing-forms
https://storage.crisp.chat/users/helpdesk/website/-/6/f/1/c/6f1c2c7b8034d000/image_1xfz488.png,images/routing/routing-forms-4.png,routing-forms
https://storage.crisp.chat/users/helpdesk/website/-/6/f/1/c/6f1c2c7b8034d000/image_rpevmj.png,images/routing/routing-forms-5.png,routing-forms
https://storage.crisp.chat/users/helpdesk/website/-/6/f/1/c/6f1c2c7b8034d000/image_2uvh5w.png,images/routing/routing-forms-6.png,routing-forms
https://storage.crisp.chat/users/helpdesk/website/-/6/f/1/c/6f1c2c7b8034d000/image_x8vekq.png,images/routing/routing-forms-7.png,routing-forms
https://storage.crisp.chat/users/helpdesk/website/-/6/f/1/c/6f1c2c7b8034d000/image_5ipo5k.png,images/routing/routing-forms-8.png,routing-forms
https://storage.crisp.chat/users/helpdesk/website/-/6/f/1/c/6f1c2c7b8034d000/image_1aaeul.png,images/routing/routing-forms-9.png,routing-forms
https://storage.crisp.chat/users/helpdesk/website/-/6/f/1/c/6f1c2c7b8034d000/image_13c1a50.png,images/routing/routing-forms-10.png,routing-forms
https://storage.crisp.chat/users/helpdesk/website/-/6/f/1/c/6f1c2c7b8034d000/image_11inloy.png,images/routing/routing-forms-11.png,routing-forms
https://storage.crisp.chat/users/helpdesk/website/-/6/f/1/c/6f1c2c7b8034d000/image_6rt9cs.png,images/routing/routing-forms-12.png,routing-forms
https://storage.crisp.chat/users/helpdesk/website/-/6/f/1/c/6f1c2c7b8034d000/image_igoo8p.png,images/routing/routing-forms-13.png,routing-forms
https://storage.crisp.chat/users/helpdesk/website/-/6/f/1/c/6f1c2c7b8034d000/image_195qoa0.png,images/routing/routing-forms-14.png,routing-forms
https://storage.crisp.chat/users/helpdesk/website/-/6/f/1/c/6f1c2c7b8034d000/image_143iboj.png,images/routing/routing-forms-15.png,routing-forms
https://storage.crisp.chat/users/helpdesk/website/-/6/f/1/c/6f1c2c7b8034d000/image_oib0mw.png,images/routing/routing-forms-16.png,routing-forms
https://storage.crisp.chat/users/helpdesk/website/-/6/f/1/c/6f1c2c7b8034d000/image_11tu1z6.png,images/routing/routing-forms-17.png,routing-forms
