https://storage.crisp.chat/users/helpdesk/website/-/6/f/1/c/6f1c2c7b8034d000/image_dm8186.png,images/event-types/add-to-calendar-1.png,add-to-calendar
https://storage.crisp.chat/users/helpdesk/website/-/6/f/1/c/6f1c2c7b8034d000/image_nh72p6.png,images/event-types/add-to-calendar-2.png,add-to-calendar
https://storage.crisp.chat/users/helpdesk/website/-/6/f/1/c/6f1c2c7b8034d000/image_yfst1f.png,images/event-types/disable-confirmation-emails-1.png,disable-confirmation-emails
https://storage.crisp.chat/users/helpdesk/website/-/6/f/1/c/6f1c2c7b8034d000/image_1jnq7qf.png,images/event-types/look-busy-1.png,look-busy
https://storage.crisp.chat/users/helpdesk/website/-/6/f/1/c/6f1c2c7b8034d000/image_ao4hw9.png,images/event-types/look-busy-2.png,look-busy
https://storage.crisp.chat/users/helpdesk/website/-/6/f/1/c/6f1c2c7b8034d000/image_9gfn60.png,images/event-types/look-busy-3.png,look-busy
https://storage.crisp.chat/users/helpdesk/website/-/6/f/1/c/6f1c2c7b8034d000/image_y81iwk.png,images/event-types/custom-event-name-1.png,custom-event-name
https://storage.crisp.chat/users/helpdesk/website/-/6/f/1/c/6f1c2c7b8034d000/image_1gl66te.png,images/event-types/custom-event-name-2.png,custom-event-name
https://storage.crisp.chat/users/helpdesk/website/-/6/f/1/c/6f1c2c7b8034d000/image_1onrwke.png,images/event-types/requires-confirmation-1.png,requires-confirmation
https://storage.crisp.chat/users/helpdesk/website/-/6/f/1/c/6f1c2c7b8034d000/image_qmpncb.png,images/event-types/requires-confirmation-2.png,requires-confirmation
https://storage.crisp.chat/users/helpdesk/website/-/6/f/1/c/6f1c2c7b8034d000/image_1twhdyj.png,images/event-types/requires-confirmation-3.png,requires-confirmation
https://storage.crisp.chat/users/helpdesk/website/-/6/f/1/c/6f1c2c7b8034d000/image_gz8eo1.png,images/event-types/requires-confirmation-4.png,requires-confirmation
https://storage.crisp.chat/users/helpdesk/website/-/6/f/1/c/6f1c2c7b8034d000/image_17i6k4f.png,images/event-types/disable-reschedule-cancel-1.png,disable-reschedule-cancel
https://storage.crisp.chat/users/helpdesk/website/-/6/f/1/c/6f1c2c7b8034d000/image_1yk8l7t.png,images/event-types/hide-notes-1.png,hide-notes
https://storage.crisp.chat/users/helpdesk/website/-/6/f/1/c/6f1c2c7b8034d000/image_t4jzyh.png,images/event-types/hide-calendar-details-1.png,hide-calendar-details
https://storage.crisp.chat/users/helpdesk/website/-/6/f/1/c/6f1c2c7b8034d000/image_dxti8z.png,images/event-types/success-redirect-params-1.png,success-redirect-params
https://storage.crisp.chat/users/helpdesk/website/-/6/f/1/c/6f1c2c7b8034d000/image_1pl1as7.png,images/event-types/private-links-1.png,private-links
https://storage.crisp.chat/users/helpdesk/website/-/6/f/1/c/6f1c2c7b8034d000/image_pbz1qd.png,images/event-types/private-links-2.png,private-links
https://storage.crisp.chat/users/helpdesk/website/-/6/f/1/c/6f1c2c7b8034d000/image_5nf3kg.png,images/event-types/private-links-3.png,private-links
https://storage.crisp.chat/users/helpdesk/website/-/6/f/1/c/6f1c2c7b8034d000/image_181lgk9.png,images/event-types/offer-seats-1.png,offer-seats
https://storage.crisp.chat/users/helpdesk/website/-/6/f/1/c/6f1c2c7b8034d000/image_5obi7z.png,images/event-types/offer-seats-2.png,offer-seats
https://storage.crisp.chat/users/helpdesk/website/-/6/f/1/c/6f1c2c7b8034d000/image_zc0mkn.png,images/event-types/success-url-1.png,success-url
https://storage.crisp.chat/users/helpdesk/website/-/6/f/1/c/6f1c2c7b8034d000/image_3yr8lj.png,images/event-types/hide-organizer-email-1.png,hide-organizer-email
https://storage.crisp.chat/users/helpdesk/website/-/6/f/1/c/6f1c2c7b8034d000/image_19wfbom.png,images/event-types/lock-timezone-1.png,lock-timezone
https://storage.crisp.chat/users/helpdesk/website/-/6/f/1/c/6f1c2c7b8034d000/image_1pir7sr.png,images/event-types/lock-timezone-2.png,lock-timezone
https://storage.crisp.chat/users/helpdesk/website/-/6/f/1/c/6f1c2c7b8034d000/image_1rg4qr4.png,images/event-types/reschedule-past-1.png,reschedule-past
https://storage.crisp.chat/users/helpdesk/website/-/6/f/1/c/6f1c2c7b8034d000/image_4v6c6h.png,images/event-types/book-via-reschedule-link-1.png,book-via-reschedule-link
https://storage.crisp.chat/users/helpdesk/website/-/6/f/1/c/6f1c2c7b8034d000/image_14d4zjz.png,images/event-types/custom-reply-to-1.png,custom-reply-to
