https://storage.crisp.chat/users/helpdesk/website/-/6/f/1/c/6f1c2c7b8034d000/image_vckevq.png,images/settings/profile-1.png,profile
https://storage.crisp.chat/users/helpdesk/website/-/6/f/1/c/6f1c2c7b8034d000/image_w7qisb.png,images/settings/profile-2.png,profile
https://storage.crisp.chat/users/helpdesk/website/-/6/f/1/c/6f1c2c7b8034d000/image_1vm5p6b.png,images/settings/profile-3.png,profile
https://storage.crisp.chat/users/helpdesk/website/-/6/f/1/c/6f1c2c7b8034d000/image_7brlx0.png,images/settings/profile-4.png,profile
https://storage.crisp.chat/users/helpdesk/website/-/6/f/1/c/6f1c2c7b8034d000/image_1ekvl4k.png,images/settings/profile-5.png,profile
https://storage.crisp.chat/users/helpdesk/website/-/6/f/1/c/6f1c2c7b8034d000/image_11yn29x.png,images/settings/profile-6.png,profile
https://storage.crisp.chat/users/helpdesk/website/-/6/f/1/c/6f1c2c7b8034d000/image_1xqmxff.png,images/settings/profile-7.png,profile
https://storage.crisp.chat/users/helpdesk/website/-/6/f/1/c/6f1c2c7b8034d000/image_1or1v0u.png,images/settings/general-1.png,general
https://storage.crisp.chat/users/helpdesk/website/-/6/f/1/c/6f1c2c7b8034d000/image_1d01hmg.png,images/settings/general-2.png,general
https://storage.crisp.chat/users/helpdesk/website/-/6/f/1/c/6f1c2c7b8034d000/image_15wabn5.png,images/settings/general-3.png,general
https://storage.crisp.chat/users/helpdesk/website/-/6/f/1/c/6f1c2c7b8034d000/image_1n1k701.png,images/settings/general-4.png,general
https://storage.crisp.chat/users/helpdesk/website/-/6/f/1/c/6f1c2c7b8034d000/image_ys0d3c.png,images/settings/general-5.png,general
https://storage.crisp.chat/users/helpdesk/website/-/6/f/1/c/6f1c2c7b8034d000/image_1t0gmg3.png,images/settings/general-6.png,general
https://storage.crisp.chat/users/helpdesk/website/-/6/f/1/c/6f1c2c7b8034d000/image_1s1wiae.png,images/settings/general-7.png,general
https://storage.crisp.chat/users/helpdesk/website/-/6/f/1/c/6f1c2c7b8034d000/image_iqchvv.png,images/settings/general-8.png,general
https://storage.crisp.chat/users/helpdesk/website/-/6/f/1/c/6f1c2c7b8034d000/image_xgfwsi.png,images/settings/time-format-1.png,time-format
https://storage.crisp.chat/users/helpdesk/website/-/6/f/1/c/6f1c2c7b8034d000/image_1rds5yd.png,images/settings/time-format-2.png,time-format
https://storage.crisp.chat/users/helpdesk/website/-/6/f/1/c/6f1c2c7b8034d000/image_1b54lhx.png,images/settings/time-format-3.png,time-format
https://storage.crisp.chat/users/helpdesk/website/-/6/f/1/c/6f1c2c7b8034d000/image_jj3d8d.png,images/settings/start-of-week-1.png,start-of-week
https://storage.crisp.chat/users/helpdesk/website/-/6/f/1/c/6f1c2c7b8034d000/image_9quh3o.png,images/settings/start-of-week-2.png,start-of-week
https://storage.crisp.chat/users/helpdesk/website/-/6/f/1/c/6f1c2c7b8034d000/image_b1ogj.png,images/settings/dynamic-group-links-1.png,dynamic-group-links
https://storage.crisp.chat/users/helpdesk/website/-/6/f/1/c/6f1c2c7b8034d000/image_16bfdkc.png,images/settings/push-notifications-1.png,push-notifications
https://storage.crisp.chat/users/helpdesk/website/-/6/f/1/c/6f1c2c7b8034d000/image_glhtke.png,images/settings/password-1.png,password
https://storage.crisp.chat/users/helpdesk/website/-/6/f/1/c/6f1c2c7b8034d000/image_cfeu94.png,images/settings/password-2.png,password
https://storage.crisp.chat/users/helpdesk/website/-/6/f/1/c/6f1c2c7b8034d000/image_18htvy5.png,images/insights/booking-performance-1.png,booking-performance
https://storage.crisp.chat/users/helpdesk/website/-/6/f/1/c/6f1c2c7b8034d000/image_1t7cyb5.png,images/insights/booking-performance-2.png,booking-performance
https://storage.crisp.chat/users/helpdesk/website/-/6/f/1/c/6f1c2c7b8034d000/image_1300ewb.png,images/insights/booking-performance-3.png,booking-performance
https://storage.crisp.chat/users/helpdesk/website/-/6/f/1/c/6f1c2c7b8034d000/image_162qgvw.png,images/insights/booking-performance-4.png,booking-performance
https://storage.crisp.chat/users/helpdesk/website/-/6/f/1/c/6f1c2c7b8034d000/image_4gwnub.png,images/insights/booking-performance-5.png,booking-performance
https://storage.crisp.chat/users/helpdesk/website/-/6/f/1/c/6f1c2c7b8034d000/image_xm2jw3.png,images/insights/booking-performance-6.png,booking-performance
https://storage.crisp.chat/users/helpdesk/website/-/6/f/1/c/6f1c2c7b8034d000/image_gvkx6x.png,images/insights/booking-performance-7.png,booking-performance
https://storage.crisp.chat/users/helpdesk/website/-/6/f/1/c/6f1c2c7b8034d000/image_1pt7l9p.png,images/insights/workflow-performance-1.png,workflow-performance
https://storage.crisp.chat/users/helpdesk/website/-/6/f/1/c/6f1c2c7b8034d000/image_g62952.png,images/insights/workflow-performance-2.png,workflow-performance
https://storage.crisp.chat/users/helpdesk/website/-/6/f/1/c/6f1c2c7b8034d000/image_vn3txk.png,images/insights/routing-performance-1.png,routing-performance
https://storage.crisp.chat/users/helpdesk/website/-/6/f/1/c/6f1c2c7b8034d000/image_slwdh5.png,images/insights/routing-performance-2.png,routing-performance
https://storage.crisp.chat/users/helpdesk/website/-/6/f/1/c/6f1c2c7b8034d000/image_1637vkk.png,images/insights/routing-performance-3.png,routing-performance
https://storage.crisp.chat/users/helpdesk/website/-/6/f/1/c/6f1c2c7b8034d000/image_2lcrz5.png,images/insights/routing-performance-4.png,routing-performance
https://storage.crisp.chat/users/helpdesk/website/-/6/f/1/c/6f1c2c7b8034d000/image_1wb686l.png,images/insights/routing-performance-5.png,routing-performance
https://storage.crisp.chat/users/helpdesk/website/-/6/f/1/c/6f1c2c7b8034d000/image_1l0gf9u.png,images/insights/routing-performance-6.png,routing-performance
https://storage.crisp.chat/users/helpdesk/website/-/6/f/1/c/6f1c2c7b8034d000/image_nrp13l.png,images/insights/routing-performance-7.png,routing-performance
https://storage.crisp.chat/users/helpdesk/website/-/6/f/1/c/6f1c2c7b8034d000/image_1qy16ld.png,images/developers/api-key-1.png,api-key
https://storage.crisp.chat/users/helpdesk/website/-/6/f/1/c/6f1c2c7b8034d000/image_1ulhqua.png,images/developers/api-key-2.png,api-key
https://storage.crisp.chat/users/helpdesk/website/-/6/f/1/c/6f1c2c7b8034d000/image_1vdvdor.png,images/developers/api-key-3.png,api-key
https://storage.crisp.chat/users/helpdesk/website/-/6/f/1/c/6f1c2c7b8034d000/image_11ubuvu.png,images/developers/api-key-4.png,api-key
https://storage.crisp.chat/users/helpdesk/website/-/6/f/1/c/6f1c2c7b8034d000/image_195g1u5.png,images/developers/event-type-id-1.png,event-type-id
https://storage.crisp.chat/users/helpdesk/website/-/6/f/1/c/6f1c2c7b8034d000/image_sm2h6y.png,images/developers/webhooks-1.png,webhooks
