https://storage.crisp.chat/users/helpdesk/website/-/6/f/1/c/6f1c2c7b8034d000/image_1k4dn0x.png,images/event-types/overview-1.png,overview
https://storage.crisp.chat/users/helpdesk/website/-/6/f/1/c/6f1c2c7b8034d000/image_13no5hl.png,images/event-types/overview-2.png,overview
https://storage.crisp.chat/users/helpdesk/website/-/6/f/1/c/6f1c2c7b8034d000/image_1jcxpjh.png,images/event-types/overview-3.png,overview
https://storage.crisp.chat/users/helpdesk/website/-/6/f/1/c/6f1c2c7b8034d000/image_1dw2cxi.png,images/event-types/overview-4.png,overview
https://storage.crisp.chat/users/helpdesk/website/-/6/f/1/c/6f1c2c7b8034d000/image_vviudz.png,images/event-types/overview-5.png,overview
https://storage.crisp.chat/users/helpdesk/website/-/6/f/1/c/6f1c2c7b8034d000/image_1vbv9s2.png,images/event-types/overview-6.png,overview
https://storage.crisp.chat/users/helpdesk/website/-/6/f/1/c/6f1c2c7b8034d000/image_1bv3gm8.png,images/event-types/edit-details-1.png,edit-details
https://storage.crisp.chat/users/helpdesk/website/-/6/f/1/c/6f1c2c7b8034d000/image_cawq8l.png,images/event-types/edit-details-2.png,edit-details
https://storage.crisp.chat/users/helpdesk/website/-/6/f/1/c/6f1c2c7b8034d000/image_13xfpzr.png,images/event-types/edit-details-3.png,edit-details
https://storage.crisp.chat/users/helpdesk/website/-/6/f/1/c/6f1c2c7b8034d000/image_1lpnn4o.png,images/event-types/edit-details-4.png,edit-details
https://storage.crisp.chat/users/helpdesk/website/-/6/f/1/c/6f1c2c7b8034d000/image_mj3idt.png,images/event-types/reorder-1.png,reorder
https://storage.crisp.chat/users/helpdesk/website/-/6/f/1/c/6f1c2c7b8034d000/image_173wxmq.png,images/event-types/reorder-2.png,reorder
https://storage.crisp.chat/users/helpdesk/website/-/6/f/1/c/6f1c2c7b8034d000/image_16drw7o.png,images/event-types/reorder-3.png,reorder
https://storage.crisp.chat/users/helpdesk/website/-/6/f/1/c/6f1c2c7b8034d000/image_1atdzxk.png,images/event-types/reorder-4.png,reorder
https://storage.crisp.chat/users/helpdesk/website/-/6/f/1/c/6f1c2c7b8034d000/image_9d9yn7.png,images/event-types/duplicate-1.png,duplicate
https://storage.crisp.chat/users/helpdesk/website/-/6/f/1/c/6f1c2c7b8034d000/image_1rigya9.png,images/event-types/duplicate-2.png,duplicate
https://storage.crisp.chat/users/helpdesk/website/-/6/f/1/c/6f1c2c7b8034d000/image_1udp6u5.png,images/event-types/duplicate-3.png,duplicate
https://storage.crisp.chat/users/helpdesk/website/-/6/f/1/c/6f1c2c7b8034d000/image_t6y3ik.png,images/event-types/custom-icons-1.png,custom-icons
https://storage.crisp.chat/users/helpdesk/website/-/6/f/1/c/6f1c2c7b8034d000/image_q7vlvm.png,images/event-types/custom-icons-2.png,custom-icons
https://storage.crisp.chat/users/helpdesk/website/-/6/f/1/c/6f1c2c7b8034d000/image_54xv8v.png,images/event-types/custom-icons-3.png,custom-icons
https://storage.crisp.chat/users/helpdesk/website/-/6/f/1/c/6f1c2c7b8034d000/image_1nnq0.png,images/event-types/custom-icons-4.png,custom-icons
https://storage.crisp.chat/users/helpdesk/website/-/6/f/1/c/6f1c2c7b8034d000/image_111amlb.png,images/event-types/secret-events-1.png,secret-events
https://storage.crisp.chat/users/helpdesk/website/-/6/f/1/c/6f1c2c7b8034d000/image_1381r32.png,images/event-types/secret-events-2.png,secret-events
https://storage.crisp.chat/users/helpdesk/website/-/6/f/1/c/6f1c2c7b8034d000/image_1j30eki.png,images/event-types/secret-events-3.png,secret-events
https://storage.crisp.chat/users/helpdesk/website/-/6/f/1/c/6f1c2c7b8034d000/image_1n8meg5.png,images/event-types/secret-events-4.png,secret-events
https://storage.crisp.chat/users/helpdesk/website/-/6/f/1/c/6f1c2c7b8034d000/image_ow2zvc.png,images/event-types/delete-1.png,delete
https://storage.crisp.chat/users/helpdesk/website/-/6/f/1/c/6f1c2c7b8034d000/image_kzh5zv.png,images/event-types/delete-2.png,delete
https://storage.crisp.chat/users/helpdesk/website/-/6/f/1/c/6f1c2c7b8034d000/image_1quo1i0.png,images/event-types/location-1.png,location
https://storage.crisp.chat/users/helpdesk/website/-/6/f/1/c/6f1c2c7b8034d000/image_1mbl4gc.png,images/event-types/location-2.png,location
https://storage.crisp.chat/users/helpdesk/website/-/6/f/1/c/6f1c2c7b8034d000/image_5x3qk1.png,images/event-types/location-3.png,location
https://storage.crisp.chat/users/helpdesk/website/-/6/f/1/c/6f1c2c7b8034d000/image_1p1dyib.png,images/event-types/location-4.png,location
https://storage.crisp.chat/users/helpdesk/website/-/6/f/1/c/6f1c2c7b8034d000/image_12kd2lt.png,images/event-types/location-5.png,location
https://storage.crisp.chat/users/helpdesk/website/-/6/f/1/c/6f1c2c7b8034d000/image_9oq7p8.png,images/event-types/multiple-durations-1.png,multiple-durations
https://storage.crisp.chat/users/helpdesk/website/-/6/f/1/c/6f1c2c7b8034d000/image_15zkk1t.png,images/event-types/multiple-durations-2.png,multiple-durations
https://storage.crisp.chat/users/helpdesk/website/-/6/f/1/c/6f1c2c7b8034d000/image_gkod3c.png,images/event-types/multiple-durations-3.png,multiple-durations
https://storage.crisp.chat/users/helpdesk/website/-/6/f/1/c/6f1c2c7b8034d000/image_1228jr5.png,images/event-types/event-availability-1.png,event-availability
